pc_time_s,time_s,roll_heading,roll_velocity,roll_accel_est,pid,ff,motor_cmd,p,i,d,ff_gain
1776020625.7554479,34.331,-122.393333,-0.004392,0.353659,0.043921,0.0,0.043921,0.0,0.0,10.0,0.0
1776020625.773434,34.351,-122.393852,-0.002275,0.40189,0.022751,0.0,0.022751,0.0,0.0,10.0,0.0
1776020625.7934377,34.371,-122.393402,-0.000873,0.211316,0.008733,0.0,0.008733,0.0,0.0,10.0,0.0
1776020625.814191,34.391,-122.38987,0.001201,-0.174555,-0.012012,0.0,-0.012012,0.0,0.0,10.0,0.0
1776020625.8333783,34.411,-122.390152,-0.000158,-0.007728,0.001575,0.0,0.001575,0.0,0.0,10.0,0.0
1776020625.853526,34.431,-122.394386,0.001613,-0.055043,-0.016134,0.0,-0.016134,0.0,0.0,10.0,0.0
1776020625.8733234,34.451,-122.397041,0.000338,0.132043,-0.003375,0.0,-0.003375,0.0,0.0,10.0,0.0
1776020625.8934927,34.471,-122.398216,0.00071,0.057926,-0.007102,0.0,-0.007102,0.0,0.0,10.0,0.0
1776020625.9133303,34.491,-122.398415,0.000451,-0.077228,-0.004508,0.0,-0.004508,0.0,0.0,10.0,0.0
1776020625.9342804,34.511,-122.399635,-0.000253,0.040121,0.002528,0.0,0.002528,0.0,0.0,10.0,0.0
1776020625.9534416,34.531,-122.402802,-0.000753,0.202712,0.00753,0.0,0.00753,0.0,0.0,10.0,0.0
1776020625.973932,34.551,-122.405235,-0.001376,0.239751,0.013758,0.0,0.013758,0.0,0.0,10.0,0.0
1776020625.9938433,34.571,-122.410767,0.000221,-0.099061,-0.002211,0.0,-0.002211,0.0,0.0,10.0,0.0
1776020626.0134666,34.591,-122.414581,-0.000925,0.165173,0.009251,0.0,0.009251,0.0,0.0,10.0,0.0
1776020626.0337048,34.611,-122.418556,0.0001,0.080588,-0.001003,0.0,-0.001003,0.0,0.0,10.0,0.0
1776020626.0535445,34.631,-122.417595,-0.00015,-0.017532,0.001495,0.0,0.001495,0.0,0.0,10.0,0.0
1776020626.0736134,34.651,-122.421082,-0.00093,0.237294,0.009299,0.0,0.009299,0.0,0.0,10.0,0.0
1776020626.0944028,34.671,-122.425697,-0.000139,0.138129,0.001391,0.0,0.001391,0.0,0.0,10.0,0.0
1776020626.1145804,34.691,-122.424072,-0.000655,0.285879,0.006546,0.0,0.006546,0.0,0.0,10.0,0.0
1776020626.1335328,34.711,-122.423294,-0.000313,0.153596,0.003129,0.0,0.003129,0.0,0.0,10.0,0.0
1776020626.153392,34.731,-122.426407,-0.000516,0.102505,0.005156,0.0,0.005156,0.0,0.0,10.0,0.0
1776020626.1735218,34.751,-122.430229,-0.000295,-0.074631,0.002949,0.0,0.002949,0.0,0.0,10.0,0.0
1776020626.193495,34.771,-122.430466,-0.000293,-0.014144,0.002933,0.0,0.002933,0.0,0.0,10.0,0.0
1776020626.213856,34.791,-122.430779,-0.00029,-0.005597,0.0029,0.0,0.0029,0.0,0.0,10.0,0.0
1776020626.2336493,34.811,-122.430206,-0.002013,0.417693,0.020131,0.0,0.020131,0.0,0.0,10.0,0.0
1776020626.2532616,34.831,-122.432182,-0.001021,0.448541,0.010211,0.0,0.010211,0.0,0.0,10.0,0.0
1776020626.274142,34.851,-122.433006,0.000261,0.097261,-0.002615,0.0,-0.002615,0.0,0.0,10.0,0.0
1776020626.2953472,34.871,-122.436241,-0.001186,0.31568,0.011863,0.0,0.011863,0.0,0.0,10.0,0.0
1776020626.3138719,34.891,-122.437881,-0.000274,0.174669,0.002743,0.0,0.002743,0.0,0.0,10.0,0.0
1776020626.3337436,34.911,-122.440041,-0.00054,0.25548,0.005396,0.0,0.005396,0.0,0.0,10.0,0.0
1776020626.3537755,34.931,-122.442406,-0.000291,0.10939,0.00291,0.0,0.00291,0.0,0.0,10.0,0.0
1776020626.3737226,34.951,-122.446724,0.000417,-0.117426,-0.004166,0.0,-0.004166,0.0,0.0,10.0,0.0
1776020626.393543,34.971,-122.449272,-0.000143,-0.085827,0.001432,0.0,0.001432,0.0,0.0,10.0,0.0
1776020626.4132986,34.991,-122.450584,-0.001095,0.185454,0.010951,0.0,0.010951,0.0,0.0,10.0,0.0
1776020626.4344594,35.011,-122.448265,-0.000515,0.078629,0.005153,0.0,0.005153,0.0,0.0,10.0,0.0
1776020626.453952,35.031,-122.446465,0.000565,-0.027517,-0.005652,0.0,-0.005652,0.0,0.0,10.0,0.0
1776020626.4733276,35.051,-122.447472,-0.000379,-0.052241,0.003789,0.0,0.003789,0.0,0.0,10.0,0.0
1776020626.4954503,35.071,-122.446297,-0.000878,0.145088,0.00878,0.0,0.00878,0.0,0.0,10.0,0.0
1776020626.5136273,35.091,-122.448425,-0.001202,0.243172,0.012025,0.0,0.012025,0.0,0.0,10.0,0.0
1776020626.533819,35.111,-122.446762,-0.001065,0.215096,0.010652,0.0,0.010652,0.0,0.0,10.0,0.0
1776020626.553433,35.131,-122.448112,-0.000468,0.060875,0.004679,0.0,0.004679,0.0,0.0,10.0,0.0
1776020626.5732439,35.151,-122.44854,-0.001118,0.167169,0.011176,0.0,0.011176,0.0,0.0,10.0,0.0
1776020626.5939429,35.171,-122.451736,-0.000378,0.111011,0.003779,0.0,0.003779,0.0,0.0,10.0,0.0
1776020626.6132855,35.191,-122.453964,-0.00043,0.105661,0.004301,0.0,0.004301,0.0,0.0,10.0,0.0
1776020626.6346037,35.211,-122.454094,3.8e-05,0.003932,-0.000377,0.0,-0.000377,0.0,0.0,10.0,0.0
1776020626.6541276,35.231,-122.455437,0.000215,0.052928,-0.002149,0.0,-0.002149,0.0,0.0,10.0,0.0
1776020626.6735208,35.251,-122.459686,0.000399,-0.155422,-0.003993,0.0,-0.003993,0.0,0.0,10.0,0.0
1776020626.6939745,35.271,-122.460709,-0.000468,-0.00758,0.004683,0.0,0.004683,0.0,0.0,10.0,0.0
1776020626.7145123,35.291,-122.459549,-0.00012,-0.014788,0.0012,0.0,0.0012,0.0,0.0,10.0,0.0
1776020626.7335536,35.311,-122.461296,-0.000442,0.131589,0.004415,0.0,0.004415,0.0,0.0,10.0,0.0
1776020626.7533996,35.331,-122.462242,-0.000955,0.325013,0.009552,0.0,0.009552,0.0,0.0,10.0,0.0
1776020626.7746282,35.351,-122.461899,-0.001431,0.293193,0.014307,0.0,0.014307,0.0,0.0,10.0,0.0
1776020626.7935514,35.371,-122.46048,-0.000885,0.225916,0.008851,0.0,0.008851,0.0,0.0,10.0,0.0
1776020626.8134327,35.391,-122.459686,-0.000324,0.02812,0.00324,0.0,0.00324,0.0,0.0,10.0,0.0
1776020626.834174,35.411,-122.45948,-0.001261,0.074914,0.012607,0.0,0.012607,0.0,0.0,10.0,0.0
1776020626.8535204,35.431,-122.462784,-0.001116,0.031715,0.011162,0.0,0.011162,0.0,0.0,10.0,0.0
1776020626.8735554,35.451,-122.464821,-0.000654,-0.113981,0.006536,0.0,0.006536,0.0,0.0,10.0,0.0
1776020626.8940284,35.471,-122.466225,-0.000587,0.098984,0.005866,0.0,0.005866,0.0,0.0,10.0,0.0
1776020626.9152544,35.491,-122.463974,0.000167,0.041278,-0.001667,0.0,-0.001667,0.0,0.0,10.0,0.0
1776020626.933488,35.511,-122.465218,-0.0007,-0.021805,0.007,0.0,0.007,0.0,0.0,10.0,0.0
1776020626.9534473,35.531,-122.465965,-0.000514,-0.029757,0.005141,0.0,0.005141,0.0,0.0,10.0,0.0
1776020626.974236,35.551,-122.468712,0.000765,-0.085598,-0.007652,0.0,-0.007652,0.0,0.0,10.0,0.0
1776020626.9934063,35.571,-122.467979,-0.000241,0.023631,0.002414,0.0,0.002414,0.0,0.0,10.0,0.0
1776020627.0135813,35.591,-122.467896,0.000904,-0.079585,-0.009041,0.0,-0.009041,0.0,0.0,10.0,0.0
1776020627.0344555,35.611,-122.469353,-0.000249,0.141156,0.00249,0.0,0.00249,0.0,0.0,10.0,0.0
1776020627.053765,35.631,-122.469643,0.000207,0.139532,-0.00207,0.0,-0.00207,0.0,0.0,10.0,0.0
1776020627.0734415,35.651,-122.470764,-0.000643,0.202599,0.006431,0.0,0.006431,0.0,0.0,10.0,0.0
1776020627.093822,35.671,-122.469276,-0.000318,0.004681,0.00318,0.0,0.00318,0.0,0.0,10.0,0.0
1776020627.1139798,35.691,-122.46817,-0.001949,0.243515,0.019493,0.0,0.019493,0.0,0.0,10.0,0.0
1776020627.133183,35.711,-122.464127,-0.000648,0.171423,0.006477,0.0,0.006477,0.0,0.0,10.0,0.0
1776020627.1533537,35.731,-122.467308,-0.000487,0.078366,0.004874,0.0,0.004874,0.0,0.0,10.0,0.0
1776020627.1739826,35.751,-122.469795,-0.000583,0.118069,0.005825,0.0,0.005825,0.0,0.0,10.0,0.0
1776020627.1933258,35.771,-122.47049,-0.000638,0.047115,0.006375,0.0,0.006375,0.0,0.0,10.0,0.0
1776020627.2133615,35.791,-122.471115,1.3e-05,0.002956,-0.000127,0.0,-0.000127,0.0,0.0,10.0,0.0
1776020627.2340329,35.811,-122.473846,-0.00012,0.057438,0.001204,0.0,0.001204,0.0,0.0,10.0,0.0
1776020627.2535365,35.831,-122.47213,0.000109,-0.074672,-0.001086,0.0,-0.001086,0.0,0.0,10.0,0.0
1776020627.2733657,35.851,-122.475548,-2e-05,0.100336,0.000197,0.0,0.000197,0.0,0.0,10.0,0.0
1776020627.2937896,35.871,-122.471718,-0.000165,0.169462,0.001648,0.0,0.001648,0.0,0.0,10.0,0.0
1776020627.314005,35.891,-122.471512,0.000849,-0.132848,-0.008494,0.0,-0.008494,0.0,0.0,10.0,0.0
1776020627.333516,35.911,-122.472946,4.9e-05,0.033637,-0.000492,0.0,-0.000492,0.0,0.0,10.0,0.0
1776020627.353593,35.931,-122.473862,-0.00015,0.120122,0.001499,0.0,0.001499,0.0,0.0,10.0,0.0
1776020627.373987,35.951,-122.474518,-0.000709,0.26656,0.007094,0.0,0.007094,0.0,0.0,10.0,0.0
1776020627.3935213,35.971,-122.473206,3.3e-05,0.042427,-0.000329,0.0,-0.000329,0.0,0.0,10.0,0.0
1776020627.414145,35.991,-122.473495,0.000112,-0.064947,-0.001119,0.0,-0.001119,0.0,0.0,10.0,0.0
1776020627.4340646,36.011,-122.473206,-0.001276,0.317905,0.012764,0.0,0.012764,0.0,0.0,10.0,0.0
1776020627.4532206,36.031,-122.476852,-0.001009,0.228494,0.010086,0.0,0.010086,0.0,0.0,10.0,0.0
1776020627.4733598,36.051,-122.47702,-0.000322,0.050206,0.00322,0.0,0.00322,0.0,0.0,10.0,0.0
1776020627.493953,36.071,-122.477676,0.000505,-0.05804,-0.00505,0.0,-0.00505,0.0,0.0,10.0,0.0
1776020627.5146945,36.091,-122.477867,-8.8e-05,-0.022658,0.000884,0.0,0.000884,0.0,0.0,10.0,0.0
1776020627.5336506,36.111,-122.478607,8e-05,0.116502,-0.000801,0.0,-0.000801,0.0,0.0,10.0,0.0
1776020627.554417,36.131,-122.478714,0.000572,-0.233694,-0.005717,0.0,-0.005717,0.0,0.0,10.0,0.0
1776020627.5738437,36.151,-122.47744,0.00102,-0.290353,-0.0102,0.0,-0.0102,0.0,0.0,10.0,0.0
1776020627.593983,36.171,-122.475548,0.000117,-0.016185,-0.001171,0.0,-0.001171,0.0,0.0,10.0,0.0
1776020627.6138093,36.191,-122.47438,0.000735,0.069087,-0.007346,0.0,-0.007346,0.0,0.0,10.0,0.0
1776020627.6353679,36.211,-122.474709,1.1e-05,0.0689,-0.000113,0.0,-0.000113,0.0,0.0,10.0,0.0
1776020627.653568,36.231,-122.473,0.000572,0.075711,-0.005718,0.0,-0.005718,0.0,0.0,10.0,0.0
1776020627.6733155,36.251,-122.47467,-7.1e-05,0.166817,0.000714,0.0,0.000714,0.0,0.0,10.0,0.0
1776020627.6933033,36.271,-122.473183,0.000124,-0.042788,-0.00124,0.0,-0.00124,0.0,0.0,10.0,0.0
1776020627.7137094,36.291,-122.472939,5e-05,-0.10178,-0.000497,0.0,-0.000497,0.0,0.0,10.0,0.0
1776020627.7335124,36.311,-122.47184,-0.001388,0.269238,0.013884,0.0,0.013884,0.0,0.0,10.0,0.0
1776020627.7547312,36.331,-122.472023,-0.000223,0.244111,0.002229,0.0,0.002229,0.0,0.0,10.0,0.0
1776020627.7738214,36.351,-122.469223,-0.000543,0.255757,0.005432,0.0,0.005432,0.0,0.0,10.0,0.0
1776020627.7933185,36.371,-122.470314,-0.000579,0.146712,0.005793,0.0,0.005793,0.0,0.0,10.0,0.0
1776020627.814199,36.391,-122.469109,0.000126,-0.160421,-0.001258,0.0,-0.001258,0.0,0.0,10.0,0.0
1776020627.8334117,36.411,-122.468452,-0.000264,-0.176399,0.002641,0.0,0.002641,0.0,0.0,10.0,0.0
1776020627.8542879,36.431,-122.46862,0.0009,-0.130749,-0.009,0.0,-0.009,0.0,0.0,10.0,0.0
1776020627.8739483,36.451,-122.469521,0.001316,-0.290411,-0.013159,0.0,-0.013159,0.0,0.0,10.0,0.0
1776020627.894145,36.471,-122.471245,0.000577,-0.199725,-0.005772,0.0,-0.005772,0.0,0.0,10.0,0.0
1776020627.9133322,36.491,-122.471825,0.001027,-0.199779,-0.010268,0.0,-0.010268,0.0,0.0,10.0,0.0
1776020627.9336467,36.511,-122.471504,0.000982,-0.086324,-0.009819,0.0,-0.009819,0.0,0.0,10.0,0.0
1776020627.953714,36.531,-122.475281,0.000234,0.052196,-0.002338,0.0,-0.002338,0.0,0.0,10.0,0.0
1776020627.974186,36.551,-122.477509,0.000116,0.02514,-0.001157,0.0,-0.001157,0.0,0.0,10.0,0.0
1776020627.9938993,36.571,-122.476433,-0.000759,0.119096,0.007593,0.0,0.007593,0.0,0.0,10.0,0.0
1776020628.0136223,36.591,-122.476257,1e-06,0.047295,-1.2e-05,0.0,-1.2e-05,0.0,0.0,10.0,0.0
1776020628.0341797,36.611,-122.474312,-0.000517,0.156476,0.005169,0.0,0.005169,0.0,0.0,10.0,0.0
1776020628.0541725,36.631,-122.478149,-0.000801,0.188558,0.008006,0.0,0.008006,0.0,0.0,10.0,0.0
1776020628.0737362,36.651,-122.478851,-0.000645,0.175499,0.006453,0.0,0.006453,0.0,0.0,10.0,0.0
1776020628.0938218,36.671,-122.482758,-3.7e-05,-0.042486,0.000373,0.0,0.000373,0.0,0.0,10.0,0.0
1776020628.1138954,36.691,-122.484573,0.000248,-0.133502,-0.002477,0.0,-0.002477,0.0,0.0,10.0,0.0
1776020628.1333363,36.711,-122.48774,6.2e-05,-0.074408,-0.000618,0.0,-0.000618,0.0,0.0,10.0,0.0
1776020628.1533449,36.731,-122.48851,0.001551,-0.450642,-0.015507,0.0,-0.015507,0.0,0.0,10.0,0.0
1776020628.1733675,36.751,-122.489845,0.001177,-0.461521,-0.011769,0.0,-0.011769,0.0,0.0,10.0,0.0
1776020628.1940672,36.771,-122.487808,0.00078,-0.22967,-0.007799,0.0,-0.007799,0.0,0.0,10.0,0.0
1776020628.2136335,36.791,-122.490273,0.000366,-0.039762,-0.003656,0.0,-0.003656,0.0,0.0,10.0,0.0
1776020628.2331853,36.811,-122.492973,7e-05,0.272837,-0.000701,0.0,-0.000701,0.0,0.0,10.0,0.0
1776020628.2536325,36.831,-122.495499,0.000902,0.14088,-0.009024,0.0,-0.009024,0.0,0.0,10.0,0.0
1776020628.2739367,36.851,-122.496742,0.000353,0.115293,-0.003535,0.0,-0.003535,0.0,0.0,10.0,0.0
1776020628.2936242,36.871,-122.49617,-0.000709,0.304268,0.007087,0.0,0.007087,0.0,0.0,10.0,0.0
1776020628.3137472,36.891,-122.496216,-0.000614,0.210951,0.006144,0.0,0.006144,0.0,0.0,10.0,0.0
1776020628.334782,36.911,-122.496933,3.3e-05,-0.006967,-0.000335,0.0,-0.000335,0.0,0.0,10.0,0.0
1776020628.354769,36.931,-122.500336,0.000366,-0.158434,-0.003664,0.0,-0.003664,0.0,0.0,10.0,0.0
1776020628.373735,36.951,-122.49826,-0.000462,-0.050318,0.004616,0.0,0.004616,0.0,0.0,10.0,0.0
1776020628.393456,36.971,-122.497375,0.000219,-0.039303,-0.002187,0.0,-0.002187,0.0,0.0,10.0,0.0
1776020628.4138331,36.991,-122.494598,0.000164,-0.136222,-0.001643,0.0,-0.001643,0.0,0.0,10.0,0.0
1776020628.4345253,37.011,-122.493904,0.000905,-0.311173,-0.009047,0.0,-0.009047,0.0,0.0,10.0,0.0
1776020628.4533317,37.031,-122.491051,0.002106,-0.472671,-0.021061,0.0,-0.021061,0.0,0.0,10.0,0.0
1776020628.4733202,37.051,-122.49102,0.000335,-0.161014,-0.003345,0.0,-0.003345,0.0,0.0,10.0,0.0
1776020628.4936676,37.071,-122.491867,0.000604,-0.052565,-0.006044,0.0,-0.006044,0.0,0.0,10.0,0.0
1776020628.5144258,37.091,-122.493317,0.000501,0.083188,-0.005015,0.0,-0.005015,0.0,0.0,10.0,0.0
1776020628.5337017,37.111,-122.496376,0.000923,0.129983,-0.009235,0.0,-0.009235,0.0,0.0,10.0,0.0
1776020628.553646,37.131,-122.49987,0.000533,0.200893,-0.005332,0.0,-0.005332,0.0,0.0,10.0,0.0
1776020628.573719,37.151,-122.501297,0.000654,-0.090774,-0.006537,0.0,-0.006537,0.0,0.0,10.0,0.0
1776020628.5938594,37.171,-122.502426,0.000475,-0.263001,-0.004748,0.0,-0.004748,0.0,0.0,10.0,0.0
1776020628.6137383,37.191,-122.502975,0.000735,-0.213432,-0.007354,0.0,-0.007354,0.0,0.0,10.0,0.0
1776020628.6333115,37.211,-122.504066,-0.00044,0.079974,0.004395,0.0,0.004395,0.0,0.0,10.0,0.0
1776020628.6541426,37.231,-122.507111,-0.000297,0.10941,0.002975,0.0,0.002975,0.0,0.0,10.0,0.0
1776020628.6732032,37.251,-122.504898,-0.000174,0.104037,0.001742,0.0,0.001742,0.0,0.0,10.0,0.0
1776020628.6942792,37.271,-122.505898,7.7e-05,0.020599,-0.000769,0.0,-0.000769,0.0,0.0,10.0,0.0
1776020628.71365,37.291,-122.504501,0.000987,-0.16784,-0.009865,0.0,-0.009865,0.0,0.0,10.0,0.0
1776020628.7341478,37.311,-122.505913,-1.4e-05,-0.127733,0.000135,0.0,0.000135,0.0,0.0,10.0,0.0
1776020628.7536318,37.331,-122.50647,0.001194,-0.236149,-0.011942,0.0,-0.011942,0.0,0.0,10.0,0.0
1776020628.7736983,37.351,-122.508141,0.002159,-0.485,-0.02159,0.0,-0.02159,0.0,0.0,10.0,0.0
1776020628.7936664,37.371,-122.508408,0.000616,-0.090573,-0.006159,0.0,-0.006159,0.0,0.0,10.0,0.0
1776020628.8136241,37.391,-122.509491,0.001488,-0.124219,-0.014883,0.0,-0.014883,0.0,0.0,10.0,0.0
1776020628.833312,37.411,-122.507622,0.001282,-0.136838,-0.012822,0.0,-0.012822,0.0,0.0,10.0,0.0
1776020628.8536155,37.431,-122.506119,0.000405,0.096326,-0.00405,0.0,-0.00405,0.0,0.0,10.0,0.0
1776020628.8736458,37.451,-122.507034,0.001223,0.102382,-0.012231,0.0,-0.012231,0.0,0.0,10.0,0.0
1776020628.8936636,37.471,-122.506569,0.000158,0.165246,-0.001577,0.0,-0.001577,0.0,0.0,10.0,0.0
1776020628.913712,37.491,-122.506088,0.000402,0.027733,-0.004023,0.0,-0.004023,0.0,0.0,10.0,0.0
1776020628.9336202,37.511,-122.506432,-0.000325,0.13462,0.003249,0.0,0.003249,0.0,0.0,10.0,0.0
1776020628.9534786,37.531,-122.509407,-0.00017,0.109747,0.001698,0.0,0.001698,0.0,0.0,10.0,0.0
1776020628.9734688,37.551,-122.508987,0.000548,-0.122129,-0.005484,0.0,-0.005484,0.0,0.0,10.0,0.0
1776020628.9936104,37.571,-122.50901,0.000779,-0.311388,-0.00779,0.0,-0.00779,0.0,0.0,10.0,0.0
1776020629.0134625,37.591,-122.507278,0.000281,-0.117155,-0.002814,0.0,-0.002814,0.0,0.0,10.0,0.0
1776020629.0334888,37.611,-122.508545,0.000365,0.059261,-0.003653,0.0,-0.003653,0.0,0.0,10.0,0.0
1776020629.0535727,37.631,-122.506241,0.00087,-0.055907,-0.008702,0.0,-0.008702,0.0,0.0,10.0,0.0
1776020629.0734808,37.651,-122.508278,0.000989,0.012914,-0.00989,0.0,-0.00989,0.0,0.0,10.0,0.0
1776020629.0934143,37.671,-122.509323,0.000398,0.167898,-0.003979,0.0,-0.003979,0.0,0.0,10.0,0.0
1776020629.113479,37.691,-122.509254,0.000728,0.024905,-0.007283,0.0,-0.007283,0.0,0.0,10.0,0.0
1776020629.1335626,37.711,-122.510429,0.000219,0.149111,-0.002187,0.0,-0.002187,0.0,0.0,10.0,0.0
1776020629.1533208,37.731,-122.512184,0.001918,-0.22272,-0.019179,0.0,-0.019179,0.0,0.0,10.0,0.0
1776020629.1737566,37.751,-122.511429,0.001122,-0.359316,-0.011224,0.0,-0.011224,0.0,0.0,10.0,0.0
1776020629.1933084,37.771,-122.510231,0.000558,-0.177667,-0.005584,0.0,-0.005584,0.0,0.0,10.0,0.0
1776020629.2134843,37.791,-122.511551,0.000799,-0.201181,-0.007989,0.0,-0.007989,0.0,0.0,10.0,0.0
1776020629.2332563,37.811,-122.508072,-7.6e-05,0.109868,0.000763,0.0,0.000763,0.0,0.0,10.0,0.0
1776020629.2533255,37.831,-122.511688,0.000391,-0.01488,-0.003906,0.0,-0.003906,0.0,0.0,10.0,0.0
1776020629.2735386,37.851,-122.511185,-0.000542,0.149731,0.005423,0.0,0.005423,0.0,0.0,10.0,0.0
1776020629.2935467,37.871,-122.512238,0.00014,0.081144,-0.001398,0.0,-0.001398,0.0,0.0,10.0,0.0
1776020629.3135383,37.891,-122.511337,4.1e-05,0.033434,-0.00041,0.0,-0.00041,0.0,0.0,10.0,0.0
1776020629.3332303,37.911,-122.514015,2e-05,0.008491,-0.000195,0.0,-0.000195,0.0,0.0,10.0,0.0
1776020629.3534746,37.931,-122.512794,0.000932,-0.123747,-0.009324,0.0,-0.009324,0.0,0.0,10.0,0.0
1776020629.3732347,37.951,-122.514107,0.000542,-0.089402,-0.005417,0.0,-0.005417,0.0,0.0,10.0,0.0
1776020629.3933406,37.971,-122.515434,0.001078,-0.07638,-0.010784,0.0,-0.010784,0.0,0.0,10.0,0.0
1776020629.4132254,37.991,-122.515312,0.001783,-0.353268,-0.017827,0.0,-0.017827,0.0,0.0,10.0,0.0
1776020629.4334788,38.011,-122.515457,0.000829,-0.150955,-0.008295,0.0,-0.008295,0.0,0.0,10.0,0.0
1776020629.4532473,38.031,-122.514862,0.00059,-0.144381,-0.0059,0.0,-0.0059,0.0,0.0,10.0,0.0
1776020629.473463,38.051,-122.513138,0.000311,-0.072471,-0.003108,0.0,-0.003108,0.0,0.0,10.0,0.0
1776020629.4933836,38.071,-122.5131,0.001174,-0.235671,-0.011738,0.0,-0.011738,0.0,0.0,10.0,0.0
1776020629.5138946,38.091,-122.513123,0.000574,-0.14928,-0.005743,0.0,-0.005743,0.0,0.0,10.0,0.0
1776020629.53329,38.111,-122.511414,-0.00034,0.115557,0.003403,0.0,0.003403,0.0,0.0,10.0,0.0
1776020629.5534005,38.131,-122.511566,0.000854,-0.02697,-0.008543,0.0,-0.008543,0.0,0.0,10.0,0.0
1776020629.5736585,38.151,-122.510239,0.000233,0.123171,-0.002329,0.0,-0.002329,0.0,0.0,10.0,0.0
1776020629.5932066,38.171,-122.511238,-0.000517,0.218283,0.005167,0.0,0.005167,0.0,0.0,10.0,0.0
1776020629.613405,38.191,-122.509857,0.000141,-0.081868,-0.001414,0.0,-0.001414,0.0,0.0,10.0,0.0
1776020629.6333609,38.211,-122.511703,0.000163,-0.158459,-0.001629,0.0,-0.001629,0.0,0.0,10.0,0.0
1776020629.6531413,38.231,-122.511414,-0.000128,-0.048553,0.001284,0.0,0.001284,0.0,0.0,10.0,0.0
1776020629.6733296,38.251,-122.514885,0.000773,-0.059947,-0.007733,0.0,-0.007733,0.0,0.0,10.0,0.0
1776020629.6933625,38.271,-122.514778,0.001204,-0.107529,-0.012042,0.0,-0.012042,0.0,0.0,10.0,0.0
1776020629.7138128,38.291,-122.515923,0.001037,-0.229696,-0.010373,0.0,-0.010373,0.0,0.0,10.0,0.0
1776020629.7333858,38.311,-122.513382,0.00034,0.052823,-0.0034,0.0,-0.0034,0.0,0.0,10.0,0.0
1776020629.7536817,38.331,-122.513672,0.001238,0.024848,-0.012384,0.0,-0.012384,0.0,0.0,10.0,0.0
1776020629.7736976,38.351,-122.513809,0.001022,-0.126515,-0.010225,0.0,-0.010225,0.0,0.0,10.0,0.0
1776020629.7936807,38.371,-122.514557,-0.000218,0.03962,0.002185,0.0,0.002185,0.0,0.0,10.0,0.0
1776020629.813814,38.391,-122.51564,-0.000204,0.052393,0.002036,0.0,0.002036,0.0,0.0,10.0,0.0
1776020629.83368,38.411,-122.514488,-0.000355,0.199038,0.003554,0.0,0.003554,0.0,0.0,10.0,0.0
1776020629.8531053,38.431,-122.516853,-0.000356,0.080694,0.003557,0.0,0.003557,0.0,0.0,10.0,0.0
1776020629.873094,38.451,-122.515419,0.000412,-0.125886,-0.004118,0.0,-0.004118,0.0,0.0,10.0,0.0
1776020629.893283,38.471,-122.515038,0.000706,-0.319613,-0.007062,0.0,-0.007062,0.0,0.0,10.0,0.0
1776020629.913354,38.491,-122.512741,0.000216,-0.158087,-0.002161,0.0,-0.002161,0.0,0.0,10.0,0.0
1776020629.9332776,38.511,-122.513535,0.000722,-0.181459,-0.007215,0.0,-0.007215,0.0,0.0,10.0,0.0
1776020629.953288,38.531,-122.511978,0.001345,-0.271414,-0.013447,0.0,-0.013447,0.0,0.0,10.0,0.0
1776020629.9739237,38.551,-122.511719,-0.000201,0.094965,0.002014,0.0,0.002014,0.0,0.0,10.0,0.0
1776020629.9935462,38.571,-122.509109,0.00053,0.083865,-0.005297,0.0,-0.005297,0.0,0.0,10.0,0.0
1776020630.013681,38.591,-122.510185,0.000598,0.02142,-0.005978,0.0,-0.005978,0.0,0.0,10.0,0.0
1776020630.0336518,38.611,-122.508492,0.000623,0.105782,-0.006227,0.0,-0.006227,0.0,0.0,10.0,0.0
1776020630.053603,38.631,-122.506691,2e-06,0.171234,-2.2e-05,0.0,-2.2e-05,0.0,0.0,10.0,0.0
1776020630.0733175,38.651,-122.504242,0.000846,-0.055557,-0.008456,0.0,-0.008456,0.0,0.0,10.0,0.0
1776020630.0938504,38.671,-122.504356,0.000954,-0.221968,-0.00954,0.0,-0.00954,0.0,0.0,10.0,0.0
1776020630.1138313,38.691,-122.505486,0.000892,-0.227618,-0.008916,0.0,-0.008916,0.0,0.0,10.0,0.0
1776020630.1338875,38.711,-122.504997,-0.00072,0.136896,0.007201,0.0,0.007201,0.0,0.0,10.0,0.0
1776020630.15366,38.731,-122.505173,-0.000344,0.148322,0.003445,0.0,0.003445,0.0,0.0,10.0,0.0
1776020630.1739526,38.751,-122.505188,0.000168,0.015048,-0.001684,0.0,-0.001684,0.0,0.0,10.0,0.0
1776020630.1935294,38.771,-122.507538,1.2e-05,-0.017496,-0.000121,0.0,-0.000121,0.0,0.0,10.0,0.0
1776020630.2139902,38.791,-122.504967,-0.000639,0.13399,0.006395,0.0,0.006395,0.0,0.0,10.0,0.0
1776020630.2331624,38.811,-122.507164,-4e-05,0.076006,0.000403,0.0,0.000403,0.0,0.0,10.0,0.0
1776020630.2535295,38.831,-122.506744,-0.000691,0.218263,0.006912,0.0,0.006912,0.0,0.0,10.0,0.0
1776020630.273487,38.851,-122.508591,0.000326,0.134708,-0.003262,0.0,-0.003262,0.0,0.0,10.0,0.0
1776020630.2938256,38.871,-122.508835,0.000699,-0.073323,-0.006986,0.0,-0.006986,0.0,0.0,10.0,0.0
1776020630.3131793,38.891,-122.50946,0.000612,-0.138858,-0.006122,0.0,-0.006122,0.0,0.0,10.0,0.0
1776020630.3334708,38.911,-122.509026,-0.000243,0.000144,0.002426,0.0,0.002426,0.0,0.0,10.0,0.0
1776020630.3535628,38.931,-122.510895,0.001309,-0.223283,-0.01309,0.0,-0.01309,0.0,0.0,10.0,0.0
1776020630.3737307,38.951,-122.509506,0.000451,-0.078498,-0.004505,0.0,-0.004505,0.0,0.0,10.0,0.0
1776020630.3932936,38.971,-122.509941,0.000952,-0.1791,-0.009523,0.0,-0.009523,0.0,0.0,10.0,0.0
1776020630.413447,38.991,-122.511208,0.000342,-0.112109,-0.003422,0.0,-0.003422,0.0,0.0,10.0,0.0
1776020630.4333296,39.011,-122.511223,-0.000276,0.163502,0.002762,0.0,0.002762,0.0,0.0,10.0,0.0
1776020630.4531446,39.031,-122.51004,-0.000191,0.198088,0.001909,0.0,0.001909,0.0,0.0,10.0,0.0
1776020630.473351,39.051,-122.508545,-0.000226,0.132654,0.002256,0.0,0.002256,0.0,0.0,10.0,0.0
1776020630.4932435,39.071,-122.508125,-0.001176,0.23367,0.011762,0.0,0.011762,0.0,0.0,10.0,0.0
1776020630.5137844,39.091,-122.507019,-0.000684,0.110965,0.006837,0.0,0.006837,0.0,0.0,10.0,0.0
1776020630.5339925,39.111,-122.508865,-6.4e-05,0.09396,0.000641,0.0,0.000641,0.0,0.0,10.0,0.0
1776020630.5535328,39.131,-122.510307,-0.00043,0.09501,0.004305,0.0,0.004305,0.0,0.0,10.0,0.0
1776020630.5734243,39.151,-122.508316,-0.00049,0.122263,0.004896,0.0,0.004896,0.0,0.0,10.0,0.0
1776020630.5932126,39.171,-122.505539,-0.000695,0.187837,0.006954,0.0,0.006954,0.0,0.0,10.0,0.0
1776020630.6137238,39.191,-122.50647,0.000527,-0.059523,-0.005272,0.0,-0.005272,0.0,0.0,10.0,0.0
1776020630.6337347,39.211,-122.50573,0.000887,-0.180629,-0.008869,0.0,-0.008869,0.0,0.0,10.0,0.0
1776020630.6534917,39.231,-122.504951,8e-05,-0.132026,-0.000798,0.0,-0.000798,0.0,0.0,10.0,0.0
1776020630.6732125,39.251,-122.502861,-0.000365,0.089843,0.003654,0.0,0.003654,0.0,0.0,10.0,0.0
1776020630.6932406,39.271,-122.501472,2.1e-05,0.100117,-0.000206,0.0,-0.000206,0.0,0.0,10.0,0.0
1776020630.7132182,39.291,-122.501144,-0.000209,0.051367,0.002094,0.0,0.002094,0.0,0.0,10.0,0.0
1776020630.7335565,39.311,-122.501457,-0.000202,-0.013313,0.002021,0.0,0.002021,0.0,0.0,10.0,0.0
1776020630.753872,39.331,-122.505295,-0.001503,0.189489,0.015031,0.0,0.015031,0.0,0.0,10.0,0.0
1776020630.773338,39.351,-122.504929,-0.001172,0.195852,0.011721,0.0,0.011721,0.0,0.0,10.0,0.0
1776020630.7933156,39.371,-122.505936,-0.000744,0.020691,0.00744,0.0,0.00744,0.0,0.0,10.0,0.0
1776020630.8135586,39.391,-122.504166,-0.000228,0.017635,0.002282,0.0,0.002282,0.0,0.0,10.0,0.0
1776020630.8334396,39.411,-122.506485,0.000134,-0.187043,-0.001344,0.0,-0.001344,0.0,0.0,10.0,0.0
1776020630.8535228,39.431,-122.506386,-0.000184,-0.039522,0.001837,0.0,0.001837,0.0,0.0,10.0,0.0
1776020630.873474,39.451,-122.506706,3.9e-05,-0.076057,-0.000388,0.0,-0.000388,0.0,0.0,10.0,0.0
1776020630.893515,39.471,-122.505211,-0.000895,0.145035,0.008952,0.0,0.008952,0.0,0.0,10.0,0.0
1776020630.913528,39.491,-122.506104,-0.000655,0.166285,0.006549,0.0,0.006549,0.0,0.0,10.0,0.0
1776020630.9332147,39.511,-122.502319,-0.000686,0.187029,0.006856,0.0,0.006856,0.0,0.0,10.0,0.0
1776020630.9539926,39.531,-122.503914,0.000676,-0.232861,-0.006757,0.0,-0.006757,0.0,0.0,10.0,0.0
1776020630.973247,39.551,-122.502426,0.000663,-0.221582,-0.00663,0.0,-0.00663,0.0,0.0,10.0,0.0
1776020630.9935856,39.571,-122.502251,0.000398,-0.098567,-0.003976,0.0,-0.003976,0.0,0.0,10.0,0.0
1776020631.0132942,39.591,-122.50177,-0.001143,0.182541,0.011428,0.0,0.011428,0.0,0.0,10.0,0.0
1776020631.0338733,39.611,-122.5028,0.000289,-0.069978,-0.002891,0.0,-0.002891,0.0,0.0,10.0,0.0
1776020631.0534523,39.631,-122.503235,-0.00047,0.049513,0.004703,0.0,0.004703,0.0,0.0,10.0,0.0
1776020631.073291,39.651,-122.501923,-0.000596,0.137922,0.005955,0.0,0.005955,0.0,0.0,10.0,0.0
1776020631.093404,39.671,-122.500694,-0.000829,0.168396,0.008288,0.0,0.008288,0.0,0.0,10.0,0.0
1776020631.1135023,39.691,-122.498642,-0.001486,0.279474,0.014862,0.0,0.014862,0.0,0.0,10.0,0.0
1776020631.1332457,39.711,-122.499992,-0.000177,-0.044088,0.001765,0.0,0.001765,0.0,0.0,10.0,0.0
1776020631.153257,39.731,-122.498558,-0.00051,0.015875,0.005099,0.0,0.005099,0.0,0.0,10.0,0.0
1776020631.1733394,39.751,-122.499298,0.000383,-0.310196,-0.003831,0.0,-0.003831,0.0,0.0,10.0,0.0
1776020631.1931872,39.771,-122.497948,-0.000684,-0.024336,0.006837,0.0,0.006837,0.0,0.0,10.0,0.0
1776020631.2135594,39.791,-122.49778,-0.000172,-0.03786,0.001716,0.0,0.001716,0.0,0.0,10.0,0.0
1776020631.2340033,39.811,-122.495544,-0.000812,0.251933,0.00812,0.0,0.00812,0.0,0.0,10.0,0.0
1776020631.2533302,39.831,-122.496239,0.001487,-0.047604,-0.014869,0.0,-0.014869,0.0,0.0,10.0,0.0
1776020631.273768,39.851,-122.49382,0.000525,-0.177904,-0.005247,0.0,-0.005247,0.0,0.0,10.0,0.0
1776020631.293222,39.871,-122.49321,-0.000438,0.070344,0.004383,0.0,0.004383,0.0,0.0,10.0,0.0
1776020631.3136466,39.891,-122.49147,0.000288,0.025615,-0.002885,0.0,-0.002885,0.0,0.0,10.0,0.0
1776020631.3337708,39.911,-122.491364,0.000121,0.048204,-0.001214,0.0,-0.001214,0.0,0.0,10.0,0.0
1776020631.353321,39.931,-122.492821,-0.000207,0.108334,0.002066,0.0,0.002066,0.0,0.0,10.0,0.0
1776020631.3740373,39.951,-122.491692,-0.00064,0.056292,0.0064,0.0,0.0064,0.0,0.0,10.0,0.0
1776020631.3938003,39.971,-122.490868,-0.000962,0.208267,0.009622,0.0,0.009622,0.0,0.0,10.0,0.0
1776020631.4141243,39.991,-122.488686,-0.001009,0.324143,0.010094,0.0,0.010094,0.0,0.0,10.0,0.0
1776020631.433448,40.011,-122.489273,-0.001437,0.284093,0.014374,0.0,0.014374,0.0,0.0,10.0,0.0
1776020631.4532347,40.031,-122.489326,7.2e-05,-0.104042,-0.000718,0.0,-0.000718,0.0,0.0,10.0,0.0
1776020631.473608,40.051,-122.490395,-0.000993,0.052275,0.009928,0.0,0.009928,0.0,0.0,10.0,0.0
1776020631.493584,40.071,-122.487389,0.000233,-0.004855,-0.002335,0.0,-0.002335,0.0,0.0,10.0,0.0
1776020631.5136356,40.091,-122.488457,0.000516,-0.095115,-0.005164,0.0,-0.005164,0.0,0.0,10.0,0.0
1776020631.5334172,40.111,-122.487022,-0.000598,0.203663,0.005983,0.0,0.005983,0.0,0.0,10.0,0.0
1776020631.5534453,40.131,-122.489433,0.000395,0.128229,-0.003949,0.0,-0.003949,0.0,0.0,10.0,0.0
1776020631.5733912,40.151,-122.487549,0.000681,-0.028263,-0.00681,0.0,-0.00681,0.0,0.0,10.0,0.0
1776020631.5934582,40.171,-122.48777,-0.000507,0.166853,0.005067,0.0,0.005067,0.0,0.0,10.0,0.0
1776020631.6142428,40.191,-122.485748,-7.1e-05,0.15901,0.00071,0.0,0.00071,0.0,0.0,10.0,0.0
1776020631.6336367,40.211,-122.485161,-0.001139,0.19973,0.011389,0.0,0.011389,0.0,0.0,10.0,0.0
1776020631.6539607,40.231,-122.484276,-0.000938,0.210274,0.009381,0.0,0.009381,0.0,0.0,10.0,0.0
1776020631.673243,40.251,-122.484329,-0.000497,0.104143,0.00497,0.0,0.00497,0.0,0.0,10.0,0.0
1776020631.6934352,40.271,-122.484985,-0.000613,0.017562,0.006133,0.0,0.006133,0.0,0.0,10.0,0.0
1776020631.7137232,40.291,-122.483467,-0.000972,0.039916,0.009717,0.0,0.009717,0.0,0.0,10.0,0.0
1776020631.7334237,40.311,-122.484261,-0.00154,0.091314,0.015404,0.0,0.015404,0.0,0.0,10.0,0.0
1776020631.7533493,40.331,-122.483315,-0.000294,-0.12989,0.002939,0.0,0.002939,0.0,0.0,10.0,0.0
1776020631.7732785,40.351,-122.485229,-0.00041,-0.161433,0.004101,0.0,0.004101,0.0,0.0,10.0,0.0
1776020631.7942843,40.371,-122.482521,-0.001261,0.062245,0.012614,0.0,0.012614,0.0,0.0,10.0,0.0
1776020631.8135195,40.391,-122.484871,-0.000673,0.075814,0.006726,0.0,0.006726,0.0,0.0,10.0,0.0
1776020631.8333747,40.411,-122.485382,-1.8e-05,0.071821,0.000175,0.0,0.000175,0.0,0.0,10.0,0.0
1776020631.8533025,40.431,-122.487289,-0.000125,0.194653,0.00125,0.0,0.00125,0.0,0.0,10.0,0.0
1776020631.8733144,40.451,-122.486298,-0.00055,0.286225,0.005504,0.0,0.005504,0.0,0.0,10.0,0.0
1776020631.893203,40.471,-122.487549,0.000428,-0.009728,-0.004278,0.0,-0.004278,0.0,0.0,10.0,0.0
1776020631.913504,40.491,-122.488617,0.000644,-0.199153,-0.006435,0.0,-0.006435,0.0,0.0,10.0,0.0
1776020631.9334,40.511,-122.48983,-0.000171,-0.029624,0.001713,0.0,0.001713,0.0,0.0,10.0,0.0
1776020631.9542284,40.531,-122.490776,-0.00084,0.226344,0.008397,0.0,0.008397,0.0,0.0,10.0,0.0
1776020631.973707,40.551,-122.490623,-0.001175,0.322068,0.011751,0.0,0.011751,0.0,0.0,10.0,0.0
1776020631.9940038,40.571,-122.491005,-0.000639,0.075757,0.006388,0.0,0.006388,0.0,0.0,10.0,0.0
1776020632.0138063,40.591,-122.48967,-0.00119,0.100526,0.011897,0.0,0.011897,0.0,0.0,10.0,0.0
1776020632.0332186,40.611,-122.489258,-0.001608,0.255091,0.016081,0.0,0.016081,0.0,0.0,10.0,0.0
1776020632.0532393,40.631,-122.487579,-0.000162,-0.030502,0.001619,0.0,0.001619,0.0,0.0,10.0,0.0
1776020632.0734987,40.651,-122.489929,-0.001793,0.063251,0.017931,0.0,0.017931,0.0,0.0,10.0,0.0
1776020632.0937927,40.671,-122.492317,-0.000198,0.041415,0.001982,0.0,0.001982,0.0,0.0,10.0,0.0
1776020632.1134336,40.691,-122.497063,-0.00047,0.084936,0.004701,0.0,0.004701,0.0,0.0,10.0,0.0
1776020632.1344237,40.711,-122.498756,-0.001186,0.132398,0.011862,0.0,0.011862,0.0,0.0,10.0,0.0
1776020632.153375,40.731,-122.501442,0.000377,-0.030595,-0.003771,0.0,-0.003771,0.0,0.0,10.0,0.0
1776020632.173455,40.751,-122.503304,0.000684,-0.198759,-0.006839,0.0,-0.006839,0.0,0.0,10.0,0.0
1776020632.1932817,40.771,-122.506485,-5e-06,0.007185,4.6e-05,0.0,4.6e-05,0.0,0.0,10.0,0.0
1776020632.213388,40.791,-122.506195,0.001032,-0.230672,-0.01032,0.0,-0.01032,0.0,0.0,10.0,0.0
1776020632.2333708,40.811,-122.505798,-9.9e-05,-0.085856,0.000987,0.0,0.000987,0.0,0.0,10.0,0.0
1776020632.2537413,40.831,-122.507553,-0.001041,0.296981,0.010412,0.0,0.010412,0.0,0.0,10.0,0.0
1776020632.2733822,40.851,-122.509529,-0.001325,0.465942,0.013252,0.0,0.013252,0.0,0.0,10.0,0.0
1776020632.2934654,40.871,-122.512115,-0.000328,0.175845,0.003278,0.0,0.003278,0.0,0.0,10.0,0.0
1776020632.313296,40.891,-122.513901,-0.000522,0.094896,0.00522,0.0,0.00522,0.0,0.0,10.0,0.0
1776020632.333225,40.911,-122.516525,-0.002171,0.307503,0.021707,0.0,0.021707,0.0,0.0,10.0,0.0
1776020632.353171,40.931,-122.517647,-0.000796,0.214994,0.007956,0.0,0.007956,0.0,0.0,10.0,0.0
1776020632.373266,40.951,-122.518967,-0.000168,-0.10289,0.001678,0.0,0.001678,0.0,0.0,10.0,0.0
1776020632.393433,40.971,-122.518929,-0.001407,-0.001158,0.014072,0.0,0.014072,0.0,0.0,10.0,0.0
1776020632.4136596,40.991,-122.523209,-0.00013,-0.086304,0.001298,0.0,0.001298,0.0,0.0,10.0,0.0
1776020632.4333644,41.011,-122.523453,-0.000524,-0.002993,0.005241,0.0,0.005241,0.0,0.0,10.0,0.0
1776020632.4537182,41.031,-122.526855,2.1e-05,-0.048556,-0.000205,0.0,-0.000205,0.0,0.0,10.0,0.0
1776020632.4732795,41.051,-122.529381,-0.000748,0.139198,0.007477,0.0,0.007477,0.0,0.0,10.0,0.0
1776020632.4932232,41.071,-122.533859,-0.000921,0.264425,0.009208,0.0,0.009208,0.0,0.0,10.0,0.0
1776020632.5139384,41.091,-122.536057,-0.000386,0.328143,0.00386,0.0,0.00386,0.0,0.0,10.0,0.0
1776020632.5337791,41.111,-122.5383,0.000648,-0.076555,-0.006476,0.0,-0.006476,0.0,0.0,10.0,0.0
1776020632.5541623,41.131,-122.540337,-0.000667,-0.036468,0.006667,0.0,0.006667,0.0,0.0,10.0,0.0
1776020632.5735085,41.151,-122.54435,-0.000465,0.044246,0.004648,0.0,0.004648,0.0,0.0,10.0,0.0
1776020632.593997,41.171,-122.547318,-0.000753,-0.046737,0.007527,0.0,0.007527,0.0,0.0,10.0,0.0
1776020632.6132426,41.191,-122.548737,0.000878,-0.380464,-0.008778,0.0,-0.008778,0.0,0.0,10.0,0.0
1776020632.633277,41.211,-122.55069,-0.000155,-0.277164,0.001545,0.0,0.001545,0.0,0.0,10.0,0.0
1776020632.653741,41.231,-122.551003,-0.000723,-0.028811,0.007232,0.0,0.007232,0.0,0.0,10.0,0.0
1776020632.6736486,41.251,-122.552849,-0.001648,0.335689,0.016484,0.0,0.016484,0.0,0.0,10.0,0.0
1776020632.6932828,41.271,-122.550758,0.000181,0.014915,-0.00181,0.0,-0.00181,0.0,0.0,10.0,0.0
1776020632.713275,41.291,-122.553261,0.000534,-0.104437,-0.005338,0.0,-0.005338,0.0,0.0,10.0,0.0
1776020632.7332404,41.311,-122.553528,-0.000834,0.121656,0.008341,0.0,0.008341,0.0,0.0,10.0,0.0
1776020632.7532685,41.331,-122.557655,-0.001101,0.296236,0.01101,0.0,0.01101,0.0,0.0,10.0,0.0
1776020632.7734933,41.351,-122.558678,-0.000616,0.16974,0.006158,0.0,0.006158,0.0,0.0,10.0,0.0
1776020632.793234,41.371,-122.562263,0.000449,-0.036727,-0.004493,0.0,-0.004493,0.0,0.0,10.0,0.0
1776020632.8140092,41.391,-122.563011,0.000194,-0.058471,-0.001939,0.0,-0.001939,0.0,0.0,10.0,0.0
1776020632.8332567,41.411,-122.563309,0.000416,-0.194872,-0.004164,0.0,-0.004164,0.0,0.0,10.0,0.0
1776020632.853317,41.431,-122.563324,0.000871,-0.354974,-0.008705,0.0,-0.008705,0.0,0.0,10.0,0.0
1776020632.874035,41.451,-122.565308,-0.001,0.078853,0.010004,0.0,0.010004,0.0,0.0,10.0,0.0
1776020632.8932421,41.471,-122.567482,0.000746,-0.053942,-0.007458,0.0,-0.007458,0.0,0.0,10.0,0.0
1776020632.9132874,41.491,-122.568733,-0.000774,0.168027,0.00774,0.0,0.00774,0.0,0.0,10.0,0.0
1776020632.9335313,41.511,-122.569008,-0.000714,0.253293,0.007142,0.0,0.007142,0.0,0.0,10.0,0.0
1776020632.9532251,41.531,-122.569542,-0.000322,0.180859,0.003219,0.0,0.003219,0.0,0.0,10.0,0.0
1776020632.973742,41.551,-122.572968,-0.00041,0.131914,0.004099,0.0,0.004099,0.0,0.0,10.0,0.0
1776020632.993545,41.571,-122.573311,-0.001403,0.246615,0.014033,0.0,0.014033,0.0,0.0,10.0,0.0
1776020633.013353,41.591,-122.575745,-2.4e-05,-0.035007,0.000237,0.0,0.000237,0.0,0.0,10.0,0.0
1776020633.0332773,41.611,-122.576958,-0.00114,0.033594,0.011399,0.0,0.011399,0.0,0.0,10.0,0.0
1776020633.0542865,41.631,-122.580513,-0.001161,0.25115,0.011608,0.0,0.011608,0.0,0.0,10.0,0.0
1776020633.0734098,41.651,-122.583542,-0.001255,0.22172,0.012552,0.0,0.012552,0.0,0.0,10.0,0.0
1776020633.0936115,41.671,-122.588799,-0.000323,-0.028909,0.003231,0.0,0.003231,0.0,0.0,10.0,0.0
1776020633.113219,41.691,-122.588951,-0.00038,-0.049515,0.003803,0.0,0.003803,0.0,0.0,10.0,0.0
1776020633.1337087,41.711,-122.591866,-0.000872,-0.00296,0.00872,0.0,0.00872,0.0,0.0,10.0,0.0
1776020633.1533282,41.731,-122.594376,7e-05,-0.111325,-0.000697,0.0,-0.000697,0.0,0.0,10.0,0.0
1776020633.173286,41.751,-122.596725,-0.001163,0.010685,0.011626,0.0,0.011626,0.0,0.0,10.0,0.0
1776020633.1938176,41.771,-122.598175,-0.00075,0.241989,0.007505,0.0,0.007505,0.0,0.0,10.0,0.0
1776020633.2135563,41.791,-122.59832,-3.6e-05,0.050271,0.00036,0.0,0.00036,0.0,0.0,10.0,0.0
1776020633.2339113,41.811,-122.600197,-0.00062,0.100132,0.006198,0.0,0.006198,0.0,0.0,10.0,0.0
1776020633.2537298,41.831,-122.60331,-0.000686,0.042698,0.006864,0.0,0.006864,0.0,0.0,10.0,0.0
1776020633.2741723,41.851,-122.604828,-0.000508,0.115661,0.005083,0.0,0.005083,0.0,0.0,10.0,0.0
1776020633.2940185,41.871,-122.605675,-0.000679,0.100117,0.006791,0.0,0.006791,0.0,0.0,10.0,0.0
1776020633.3135948,41.891,-122.606354,0.001006,-0.126489,-0.010057,0.0,-0.010057,0.0,0.0,10.0,0.0
1776020633.3341227,41.911,-122.606667,0.000287,-0.091735,-0.002867,0.0,-0.002867,0.0,0.0,10.0,0.0
1776020633.353389,41.931,-122.609276,0.000991,-0.209122,-0.009913,0.0,-0.009913,0.0,0.0,10.0,0.0
1776020633.3733525,41.951,-122.612106,0.000144,0.083223,-0.001444,0.0,-0.001444,0.0,0.0,10.0,0.0
1776020633.3932207,41.971,-122.614632,-0.000122,0.041502,0.001223,0.0,0.001223,0.0,0.0,10.0,0.0
1776020633.4132211,41.991,-122.613419,-0.000267,0.199852,0.00267,0.0,0.00267,0.0,0.0,10.0,0.0
1776020633.433213,42.011,-122.614456,-0.000318,0.332871,0.003181,0.0,0.003181,0.0,0.0,10.0,0.0
1776020633.453373,42.031,-122.61496,-0.000734,0.385649,0.00734,0.0,0.00734,0.0,0.0,10.0,0.0
1776020633.4738917,42.051,-122.61795,0.000508,-0.079127,-0.005078,0.0,-0.005078,0.0,0.0,10.0,0.0
1776020633.4940488,42.071,-122.620766,-8.5e-05,-0.059585,0.000847,0.0,0.000847,0.0,0.0,10.0,0.0
1776020633.5138814,42.091,-122.622322,1.4e-05,-0.170592,-0.000144,0.0,-0.000144,0.0,0.0,10.0,0.0
1776020633.5331388,42.111,-122.624168,-0.000182,0.049313,0.001816,0.0,0.001816,0.0,0.0,10.0,0.0
1776020633.5532694,42.131,-122.627655,2.6e-05,-0.086865,-0.000263,0.0,-0.000263,0.0,0.0,10.0,0.0
1776020633.5737257,42.151,-122.631111,0.000461,-0.244531,-0.004611,0.0,-0.004611,0.0,0.0,10.0,0.0
1776020633.5933158,42.171,-122.632515,-0.001803,0.288061,0.018032,0.0,0.018032,0.0,0.0,10.0,0.0
1776020633.6133072,42.191,-122.635971,-0.007635,0.867182,0.076347,0.0,0.076347,0.0,0.0,10.0,0.0
1776020633.6332736,42.211,-122.63739,-0.003718,0.551036,0.037182,0.0,0.037182,0.0,0.0,10.0,0.0
1776020633.6535196,42.231,-122.639084,-0.002374,0.326777,0.023744,0.0,0.023744,0.0,0.0,10.0,0.0
1776020633.6735027,42.251,-122.639389,-0.000541,0.307343,0.005412,0.0,0.005412,0.0,0.0,10.0,0.0
1776020633.693367,42.271,-122.644386,0.000171,-0.087625,-0.001714,0.0,-0.001714,0.0,0.0,10.0,0.0
1776020633.713558,42.291,-122.645134,0.000567,-0.311421,-0.005674,0.0,-0.005674,0.0,0.0,10.0,0.0
1776020633.7333376,42.311,-122.64798,0.001077,-0.302308,-0.010769,0.0,-0.010769,0.0,0.0,10.0,0.0
1776020633.754031,42.331,-122.650368,0.000512,-0.128537,-0.005118,0.0,-0.005118,0.0,0.0,10.0,0.0
1776020633.7738128,42.351,-122.653893,0.001988,-0.215916,-0.019877,0.0,-0.019877,0.0,0.0,10.0,0.0
1776020633.793617,42.371,-122.65564,1.9e-05,-0.030581,-0.000192,0.0,-0.000192,0.0,0.0,10.0,0.0
1776020633.8132358,42.391,-122.658813,0.000755,-0.032627,-0.007548,0.0,-0.007548,0.0,0.0,10.0,0.0
1776020633.8335562,42.411,-122.660454,-0.000706,0.18323,0.007061,0.0,0.007061,0.0,0.0,10.0,0.0
1776020633.8534234,42.431,-122.660027,0.001078,-0.181164,-0.010777,0.0,-0.010777,0.0,0.0,10.0,0.0
1776020633.8740435,42.451,-122.661583,-0.000318,-0.139272,0.003178,0.0,0.003178,0.0,0.0,10.0,0.0
1776020633.8941839,42.471,-122.663185,-0.000576,-0.039975,0.005756,0.0,0.005756,0.0,0.0,10.0,0.0
1776020633.9141445,42.491,-122.663879,-0.000197,0.025918,0.001972,0.0,0.001972,0.0,0.0,10.0,0.0
1776020633.9337099,42.511,-122.663483,0.000551,-0.152371,-0.005507,0.0,-0.005507,0.0,0.0,10.0,0.0
1776020633.9535792,42.531,-122.667297,0.000652,-0.266942,-0.006522,0.0,-0.006522,0.0,0.0,10.0,0.0
1776020633.9736772,42.551,-122.66613,0.000127,-0.291835,-0.001267,0.0,-0.001267,0.0,0.0,10.0,0.0
1776020633.993671,42.571,-122.669807,0.000258,-0.134359,-0.002585,0.0,-0.002585,0.0,0.0,10.0,0.0
1776020634.013499,42.591,-122.672211,0.001113,-0.07591,-0.011132,0.0,-0.011132,0.0,0.0,10.0,0.0
1776020634.0333626,42.611,-122.67878,0.001068,0.067743,-0.010684,0.0,-0.010684,0.0,0.0,10.0,0.0
1776020634.053357,42.631,-122.682678,-0.000707,0.314158,0.007067,0.0,0.007067,0.0,0.0,10.0,0.0
1776020634.07375,42.651,-122.68425,0.000288,0.31996,-0.002882,0.0,-0.002882,0.0,0.0,10.0,0.0
1776020634.0934052,42.671,-122.686775,0.001262,0.056803,-0.012618,0.0,-0.012618,0.0,0.0,10.0,0.0
1776020634.113532,42.691,-122.689537,-2.3e-05,0.122836,0.00023,0.0,0.00023,0.0,0.0,10.0,0.0
1776020634.1339443,42.711,-122.691772,0.000468,-0.166378,-0.004684,0.0,-0.004684,0.0,0.0,10.0,0.0
1776020634.1544266,42.731,-122.695541,0.000432,-0.166533,-0.004322,0.0,-0.004322,0.0,0.0,10.0,0.0
1776020634.1735275,42.751,-122.700027,0.000585,-0.089627,-0.005854,0.0,-0.005854,0.0,0.0,10.0,0.0
1776020634.1932309,42.771,-122.69944,0.000318,-0.070231,-0.003181,0.0,-0.003181,0.0,0.0,10.0,0.0
1776020634.2138855,42.791,-122.701088,0.000258,0.032989,-0.002578,0.0,-0.002578,0.0,0.0,10.0,0.0
1776020634.2339563,42.811,-122.702515,-0.000799,0.097905,0.007994,0.0,0.007994,0.0,0.0,10.0,0.0
1776020634.2536564,42.831,-122.703102,0.001039,-0.192645,-0.010386,0.0,-0.010386,0.0,0.0,10.0,0.0
1776020634.2734647,42.851,-122.704803,-5.4e-05,-0.124689,0.00054,0.0,0.00054,0.0,0.0,10.0,0.0
1776020634.2932563,42.871,-122.707863,0.000202,0.004185,-0.002018,0.0,-0.002018,0.0,0.0,10.0,0.0
1776020634.3134208,42.891,-122.70829,0.000798,-0.044721,-0.007982,0.0,-0.007982,0.0,0.0,10.0,0.0
1776020634.3344362,42.911,-122.711128,0.000233,0.038569,-0.002333,0.0,-0.002333,0.0,0.0,10.0,0.0
1776020634.353562,42.931,-122.713493,0.000597,0.183466,-0.005967,0.0,-0.005967,0.0,0.0,10.0,0.0
1776020634.3732562,42.951,-122.715652,0.000904,0.097219,-0.009035,0.0,-0.009035,0.0,0.0,10.0,0.0
1776020634.3934639,42.971,-122.717453,0.000829,-0.144894,-0.008291,0.0,-0.008291,0.0,0.0,10.0,0.0
1776020634.413788,42.991,-122.717377,0.001142,-0.223246,-0.011422,0.0,-0.011422,0.0,0.0,10.0,0.0
1776020634.4337258,43.011,-122.718903,0.00176,-0.337282,-0.017597,0.0,-0.017597,0.0,0.0,10.0,0.0
1776020634.4534523,43.031,-122.720978,0.001303,-0.309945,-0.013033,0.0,-0.013033,0.0,0.0,10.0,0.0
1776020634.4733543,43.051,-122.724174,-0.000261,0.0807,0.00261,0.0,0.00261,0.0,0.0,10.0,0.0
1776020634.493369,43.071,-122.728546,-0.000201,0.126351,0.002014,0.0,0.002014,0.0,0.0,10.0,0.0
1776020634.5132897,43.091,-122.730705,0.000424,-0.011133,-0.004236,0.0,-0.004236,0.0,0.0,10.0,0.0
1776020634.533217,43.111,-122.730667,-0.00045,0.05514,0.004503,0.0,0.004503,0.0,0.0,10.0,0.0
1776020634.5532207,43.131,-122.734398,-0.000328,0.152318,0.003277,0.0,0.003277,0.0,0.0,10.0,0.0
1776020634.57326,43.151,-122.735268,-0.000746,0.201792,0.007464,0.0,0.007464,0.0,0.0,10.0,0.0
1776020634.5933828,43.171,-122.736786,-7e-05,0.068632,0.000703,0.0,0.000703,0.0,0.0,10.0,0.0
1776020634.6136732,43.191,-122.734764,0.000103,0.085119,-0.00103,0.0,-0.00103,0.0,0.0,10.0,0.0
1776020634.6332488,43.211,-122.737152,0.000598,-0.168037,-0.005981,0.0,-0.005981,0.0,0.0,10.0,0.0
1776020634.6542044,43.231,-122.737083,0.001165,-0.227128,-0.01165,0.0,-0.01165,0.0,0.0,10.0,0.0
1776020634.673338,43.251,-122.740364,0.001198,-0.235222,-0.011976,0.0,-0.011976,0.0,0.0,10.0,0.0
1776020634.6932998,43.271,-122.739807,0.00102,-0.290038,-0.010199,0.0,-0.010199,0.0,0.0,10.0,0.0
1776020634.7141328,43.291,-122.741508,0.000756,-0.077876,-0.007555,0.0,-0.007555,0.0,0.0,10.0,0.0
1776020634.7335505,43.311,-122.74366,0.001109,-0.119836,-0.011089,0.0,-0.011089,0.0,0.0,10.0,0.0
1776020634.7534492,43.331,-122.745461,0.000701,-0.155205,-0.007012,0.0,-0.007012,0.0,0.0,10.0,0.0
1776020634.7732902,43.351,-122.748764,-0.000103,-0.033569,0.001028,0.0,0.001028,0.0,0.0,10.0,0.0
1776020634.793217,43.371,-122.749573,-0.000518,0.133731,0.005177,0.0,0.005177,0.0,0.0,10.0,0.0
1776020634.8134086,43.391,-122.751198,-0.00071,0.208857,0.007095,0.0,0.007095,0.0,0.0,10.0,0.0
1776020634.8341746,43.411,-122.750977,0.000309,-0.082277,-0.003086,0.0,-0.003086,0.0,0.0,10.0,0.0
1776020634.8536842,43.431,-122.75396,0.000482,-0.308079,-0.004824,0.0,-0.004824,0.0,0.0,10.0,0.0
1776020634.8744054,43.451,-122.754517,0.000693,-0.301645,-0.006926,0.0,-0.006926,0.0,0.0,10.0,0.0
1776020634.89321,43.471,-122.757629,-0.000156,-0.049019,0.00156,0.0,0.00156,0.0,0.0,10.0,0.0
1776020634.9135065,43.491,-122.757851,8e-05,-0.038691,-0.000803,0.0,-0.000803,0.0,0.0,10.0,0.0
1776020634.9335787,43.511,-122.760498,-0.000505,0.160494,0.005046,0.0,0.005046,0.0,0.0,10.0,0.0
1776020634.9534955,43.531,-122.761482,-0.000121,0.297701,0.001209,0.0,0.001209,0.0,0.0,10.0,0.0
1776020634.9737957,43.551,-122.763931,0.001148,-0.042452,-0.011483,0.0,-0.011483,0.0,0.0,10.0,0.0
1776020634.993242,43.571,-122.766685,0.001068,-0.164138,-0.010681,0.0,-0.010681,0.0,0.0,10.0,0.0
1776020635.0134203,43.591,-122.770554,0.00055,-0.173298,-0.005498,0.0,-0.005498,0.0,0.0,10.0,0.0
1776020635.033881,43.611,-122.77076,0.000714,-0.065299,-0.007136,0.0,-0.007136,0.0,0.0,10.0,0.0
1776020635.0539436,43.631,-122.770897,0.001245,-0.253229,-0.012453,0.0,-0.012453,0.0,0.0,10.0,0.0
1776020635.0735707,43.651,-122.772232,0.000438,-0.072868,-0.004381,0.0,-0.004381,0.0,0.0,10.0,0.0
1776020635.0934377,43.671,-122.773125,-9.8e-05,0.025235,0.000979,0.0,0.000979,0.0,0.0,10.0,0.0
1776020635.113225,43.691,-122.773651,-0.000256,0.145421,0.002556,0.0,0.002556,0.0,0.0,10.0,0.0
1776020635.1342108,43.711,-122.774063,-0.000212,-0.020274,0.002116,0.0,0.002116,0.0,0.0,10.0,0.0
1776020635.153843,43.731,-122.776138,-0.00022,-0.022029,0.002199,0.0,0.002199,0.0,0.0,10.0,0.0
1776020635.1735582,43.751,-122.774788,0.000585,-0.218148,-0.005852,0.0,-0.005852,0.0,0.0,10.0,0.0
1776020635.193209,43.771,-122.777122,0.000251,-0.235193,-0.002508,0.0,-0.002508,0.0,0.0,10.0,0.0
1776020635.2131948,43.791,-122.779732,-0.000776,0.128979,0.007763,0.0,0.007763,0.0,0.0,10.0,0.0
1776020635.2337441,43.811,-122.784798,0.000924,-0.080466,-0.009239,0.0,-0.009239,0.0,0.0,10.0,0.0
1776020635.2531989,43.831,-122.78376,-0.000603,0.221767,0.006032,0.0,0.006032,0.0,0.0,10.0,0.0
1776020635.2732847,43.851,-122.785828,0.000478,0.082062,-0.004783,0.0,-0.004783,0.0,0.0,10.0,0.0
1776020635.2936606,43.871,-122.787018,0.001189,-0.10142,-0.011892,0.0,-0.011892,0.0,0.0,10.0,0.0
1776020635.313455,43.891,-122.790924,0.000904,-0.221673,-0.009038,0.0,-0.009038,0.0,0.0,10.0,0.0
1776020635.3336675,43.911,-122.793144,0.000625,-0.018806,-0.006251,0.0,-0.006251,0.0,0.0,10.0,0.0
1776020635.3538806,43.931,-122.797112,0.001376,-0.203465,-0.013756,0.0,-0.013756,0.0,0.0,10.0,0.0
1776020635.373617,43.951,-122.799362,0.001168,-0.135939,-0.01168,0.0,-0.01168,0.0,0.0,10.0,0.0
1776020635.3942387,43.971,-122.801086,0.000265,-0.100133,-0.002645,0.0,-0.002645,0.0,0.0,10.0,0.0
1776020635.4132009,43.991,-122.804817,0.000694,-0.105009,-0.006939,0.0,-0.006939,0.0,0.0,10.0,0.0
1776020635.433332,44.011,-122.807381,7.8e-05,-0.049624,-0.000776,0.0,-0.000776,0.0,0.0,10.0,0.0
1776020635.4534116,44.031,-122.809761,-0.000214,-0.067136,0.00214,0.0,0.00214,0.0,0.0,10.0,0.0
1776020635.473342,44.051,-122.811493,-0.001086,0.20749,0.010857,0.0,0.010857,0.0,0.0,10.0,0.0
1776020635.4942532,44.071,-122.81469,9e-05,0.154359,-0.000902,0.0,-0.000902,0.0,0.0,10.0,0.0
1776020635.5132868,44.091,-122.815834,-1.5e-05,0.007966,0.000152,0.0,0.000152,0.0,0.0,10.0,0.0
1776020635.5335414,44.111,-122.819946,-0.000717,0.283406,0.007167,0.0,0.007167,0.0,0.0,10.0,0.0
1776020635.5532055,44.131,-122.821892,-3.8e-05,0.002351,0.000376,0.0,0.000376,0.0,0.0,10.0,0.0
1776020635.573201,44.151,-122.824379,1.6e-05,0.078122,-0.000158,0.0,-0.000158,0.0,0.0,10.0,0.0
1776020635.5933144,44.171,-122.823402,0.000534,-0.077677,-0.00534,0.0,-0.00534,0.0,0.0,10.0,0.0
1776020635.6132302,44.191,-122.827042,0.000627,-0.198595,-0.006273,0.0,-0.006273,0.0,0.0,10.0,0.0
1776020635.6335006,44.211,-122.829414,0.001263,-0.181346,-0.012631,0.0,-0.012631,0.0,0.0,10.0,0.0
1776020635.6532896,44.231,-122.834007,0.00019,0.001356,-0.001901,0.0,-0.001901,0.0,0.0,10.0,0.0
1776020635.6740046,44.251,-122.834648,0.00018,0.113221,-0.001804,0.0,-0.001804,0.0,0.0,10.0,0.0
1776020635.6937168,44.271,-122.834991,0.00057,-0.094798,-0.005702,0.0,-0.005702,0.0,0.0,10.0,0.0
1776020635.7132251,44.291,-122.8367,-0.000345,-0.025399,0.003454,0.0,0.003454,0.0,0.0,10.0,0.0
1776020635.7333667,44.311,-122.839622,-0.001093,0.306824,0.010934,0.0,0.010934,0.0,0.0,10.0,0.0
1776020635.75361,44.331,-122.841904,-0.000107,0.192377,0.001071,0.0,0.001071,0.0,0.0,10.0,0.0
1776020635.7734027,44.351,-122.842377,-0.000904,0.103687,0.009045,0.0,0.009045,0.0,0.0,10.0,0.0
1776020635.7936769,44.371,-122.844528,-0.000744,-0.002733,0.007442,0.0,0.007442,0.0,0.0,10.0,0.0
1776020635.8142579,44.391,-122.844978,-0.001236,0.107005,0.012361,0.0,0.012361,0.0,0.0,10.0,0.0
1776020635.8333023,44.411,-122.847504,-0.000855,0.312415,0.008551,0.0,0.008551,0.0,0.0,10.0,0.0
1776020635.8532763,44.431,-122.8479,0.000173,0.053854,-0.001734,0.0,-0.001734,0.0,0.0,10.0,0.0
1776020635.8733375,44.451,-122.850601,0.000329,-0.117035,-0.003289,0.0,-0.003289,0.0,0.0,10.0,0.0
1776020635.8934588,44.471,-122.850319,-0.000196,-0.120464,0.001957,0.0,0.001957,0.0,0.0,10.0,0.0
1776020635.9130893,44.491,-122.852692,2e-06,-0.044337,-2.3e-05,0.0,-2.3e-05,0.0,0.0,10.0,0.0
1776020635.9332352,44.511,-122.853775,0.000869,-0.166268,-0.008691,0.0,-0.008691,0.0,0.0,10.0,0.0
1776020635.953233,44.531,-122.856392,1.2e-05,0.01752,-0.000124,0.0,-0.000124,0.0,0.0,10.0,0.0
1776020635.9732022,44.551,-122.855476,0.000223,0.022248,-0.00223,0.0,-0.00223,0.0,0.0,10.0,0.0
1776020635.994148,44.571,-122.856529,0.001113,-0.231926,-0.011127,0.0,-0.011127,0.0,0.0,10.0,0.0
1776020636.0135803,44.591,-122.857498,-0.000331,-0.017299,0.003312,0.0,0.003312,0.0,0.0,10.0,0.0
1776020636.0332534,44.611,-122.857079,0.000259,-0.170349,-0.002586,0.0,-0.002586,0.0,0.0,10.0,0.0
1776020636.053367,44.631,-122.859497,-0.001094,0.049657,0.01094,0.0,0.01094,0.0,0.0,10.0,0.0
1776020636.0733516,44.651,-122.860428,-0.000152,-0.103804,0.001522,0.0,0.001522,0.0,0.0,10.0,0.0
1776020636.0938601,44.671,-122.862473,3.2e-05,-0.159199,-0.000318,0.0,-0.000318,0.0,0.0,10.0,0.0
1776020636.1135404,44.691,-122.863884,-0.001242,0.156517,0.012423,0.0,0.012423,0.0,0.0,10.0,0.0
1776020636.1335,44.711,-122.866722,-0.00116,0.329309,0.011602,0.0,0.011602,0.0,0.0,10.0,0.0
1776020636.1533267,44.731,-122.866684,-0.001046,0.398828,0.010456,0.0,0.010456,0.0,0.0,10.0,0.0
1776020636.1732035,44.751,-122.868263,0.000287,0.112027,-0.002871,0.0,-0.002871,0.0,0.0,10.0,0.0
1776020636.1939268,44.771,-122.869362,0.000215,0.016921,-0.002145,0.0,-0.002145,0.0,0.0,10.0,0.0
1776020636.2132003,44.791,-122.871696,-0.000247,0.020015,0.002466,0.0,0.002466,0.0,0.0,10.0,0.0
1776020636.2332714,44.811,-122.871925,0.00081,-0.188723,-0.008102,0.0,-0.008102,0.0,0.0,10.0,0.0
1776020636.2532208,44.831,-122.872429,0.00038,-0.119033,-0.003803,0.0,-0.003803,0.0,0.0,10.0,0.0
1776020636.2733362,44.851,-122.873215,0.000244,0.029622,-0.002436,0.0,-0.002436,0.0,0.0,10.0,0.0
1776020636.2937374,44.871,-122.874908,0.000348,0.17788,-0.003477,0.0,-0.003477,0.0,0.0,10.0,0.0
1776020636.3135674,44.891,-122.875969,0.00048,-0.016384,-0.004805,0.0,-0.004805,0.0,0.0,10.0,0.0
1776020636.333339,44.911,-122.878166,0.000314,-0.128849,-0.003139,0.0,-0.003139,0.0,0.0,10.0,0.0
1776020636.3532157,44.931,-122.879875,-0.000409,-0.005474,0.004087,0.0,0.004087,0.0,0.0,10.0,0.0
1776020636.3735023,44.951,-122.880165,-0.000693,0.134116,0.006931,0.0,0.006931,0.0,0.0,10.0,0.0
1776020636.393405,44.971,-122.882675,-0.000141,0.013422,0.00141,0.0,0.00141,0.0,0.0,10.0,0.0
1776020636.4143667,44.991,-122.883324,-0.001293,0.196682,0.012933,0.0,0.012933,0.0,0.0,10.0,0.0
1776020636.4338837,45.011,-122.887146,-0.001057,0.240431,0.010573,0.0,0.010573,0.0,0.0,10.0,0.0
1776020636.4533627,45.031,-122.887093,-0.000365,0.064345,0.003648,0.0,0.003648,0.0,0.0,10.0,0.0
1776020636.4731917,45.051,-122.890106,-0.000879,0.130209,0.008794,0.0,0.008794,0.0,0.0,10.0,0.0
1776020636.493218,45.071,-122.888962,-0.000641,0.037381,0.006406,0.0,0.006406,0.0,0.0,10.0,0.0
1776020636.5137339,45.091,-122.890846,-0.000157,-0.039594,0.001574,0.0,0.001574,0.0,0.0,10.0,0.0
1776020636.5334353,45.111,-122.891899,0.000597,-0.220062,-0.005973,0.0,-0.005973,0.0,0.0,10.0,0.0
1776020636.5532198,45.131,-122.895515,0.000644,-0.278439,-0.006439,0.0,-0.006439,0.0,0.0,10.0,0.0
1776020636.5732307,45.151,-122.896614,-0.000193,-0.208011,0.001925,0.0,0.001925,0.0,0.0,10.0,0.0
1776020636.5931356,45.171,-122.898071,0.000445,-0.048414,-0.004445,0.0,-0.004445,0.0,0.0,10.0,0.0
1776020636.613205,45.191,-122.900589,0.000482,0.05769,-0.004822,0.0,-0.004822,0.0,0.0,10.0,0.0
1776020636.6334457,45.211,-122.901855,0.000514,0.118152,-0.005144,0.0,-0.005144,0.0,0.0,10.0,0.0
1776020636.6534133,45.231,-122.901886,0.000206,-0.074155,-0.002056,0.0,-0.002056,0.0,0.0,10.0,0.0
1776020636.6733134,45.251,-122.901978,-0.000178,-0.071159,0.001785,0.0,0.001785,0.0,0.0,10.0,0.0
1776020636.693288,45.271,-122.902565,-0.000533,0.102607,0.005329,0.0,0.005329,0.0,0.0,10.0,0.0
1776020636.7138162,45.291,-122.902512,-0.000129,-0.005367,0.001294,0.0,0.001294,0.0,0.0,10.0,0.0
1776020636.7335494,45.311,-122.903702,-0.000641,0.0978,0.006406,0.0,0.006406,0.0,0.0,10.0,0.0
1776020636.7534366,45.331,-122.901924,-0.00121,0.271527,0.0121,0.0,0.0121,0.0,0.0,10.0,0.0
1776020636.7733858,45.351,-122.902824,-0.000909,0.23363,0.009093,0.0,0.009093,0.0,0.0,10.0,0.0
1776020636.7932549,45.371,-122.9021,0.00013,0.138394,-0.001298,0.0,-0.001298,0.0,0.0,10.0,0.0
1776020636.8132203,45.391,-122.905228,0.000231,0.025084,-0.002307,0.0,-0.002307,0.0,0.0,10.0,0.0
1776020636.833334,45.411,-122.906227,-0.000433,0.301044,0.004333,0.0,0.004333,0.0,0.0,10.0,0.0
1776020636.8536248,45.431,-122.909271,0.00029,0.24255,-0.002904,0.0,-0.002904,0.0,0.0,10.0,0.0
1776020636.8733869,45.451,-122.908661,0.000664,-0.013601,-0.006639,0.0,-0.006639,0.0,0.0,10.0,0.0
1776020636.8938127,45.471,-122.909859,-0.000153,0.028458,0.001534,0.0,0.001534,0.0,0.0,10.0,0.0
1776020636.913262,45.491,-122.909523,-0.000732,0.032948,0.00732,0.0,0.00732,0.0,0.0,10.0,0.0
1776020636.9336224,45.511,-122.910446,0.000147,-0.022028,-0.001474,0.0,-0.001474,0.0,0.0,10.0,0.0
1776020636.9531472,45.531,-122.911293,-0.000383,-0.057191,0.003833,0.0,0.003833,0.0,0.0,10.0,0.0
1776020636.9733198,45.551,-122.913002,-0.001263,0.088727,0.012632,0.0,0.012632,0.0,0.0,10.0,0.0
1776020636.9936864,45.571,-122.912338,-0.001958,0.35309,0.019578,0.0,0.019578,0.0,0.0,10.0,0.0
1776020637.0133607,45.591,-122.910187,-0.001655,0.235717,0.01655,0.0,0.01655,0.0,0.0,10.0,0.0
1776020637.0332532,45.611,-122.910301,-0.001655,0.147101,0.016547,0.0,0.016547,0.0,0.0,10.0,0.0
1776020637.0536222,45.631,-122.908768,-0.000954,0.051917,0.009537,0.0,0.009537,0.0,0.0,10.0,0.0
1776020637.073788,45.651,-122.911926,-0.001087,0.134008,0.010874,0.0,0.010874,0.0,0.0,10.0,0.0
1776020637.0932858,45.671,-122.913521,-0.001388,0.158562,0.013881,0.0,0.013881,0.0,0.0,10.0,0.0
1776020637.113205,45.691,-122.915642,-0.000749,0.113121,0.00749,0.0,0.00749,0.0,0.0,10.0,0.0
1776020637.133814,45.711,-122.915939,-0.00045,0.150346,0.004503,0.0,0.004503,0.0,0.0,10.0,0.0
1776020637.1533997,45.731,-122.920204,-0.000592,0.145345,0.005925,0.0,0.005925,0.0,0.0,10.0,0.0
1776020637.1735103,45.751,-122.921486,-0.000297,0.030376,0.002968,0.0,0.002968,0.0,0.0,10.0,0.0
1776020637.1932135,45.771,-122.924423,2.9e-05,-0.046026,-0.000287,0.0,-0.000287,0.0,0.0,10.0,0.0
1776020637.2137058,45.791,-122.924332,0.000452,-0.147596,-0.004524,0.0,-0.004524,0.0,0.0,10.0,0.0
1776020637.2336915,45.811,-122.925964,0.000621,-0.241218,-0.006212,0.0,-0.006212,0.0,0.0,10.0,0.0
1776020637.2532957,45.831,-122.926064,-0.000452,-0.128453,0.004522,0.0,0.004522,0.0,0.0,10.0,0.0
1776020637.2737403,45.851,-122.926102,-0.000656,-0.040115,0.006559,0.0,0.006559,0.0,0.0,10.0,0.0
1776020637.2934747,45.871,-122.925705,-0.000334,-0.02205,0.003338,0.0,0.003338,0.0,0.0,10.0,0.0
1776020637.3132668,45.891,-122.923347,-0.001708,0.451296,0.017085,0.0,0.017085,0.0,0.0,10.0,0.0
1776020637.3337736,45.911,-122.924477,-0.001114,0.380729,0.011139,0.0,0.011139,0.0,0.0,10.0,0.0
1776020637.3531625,45.931,-122.92601,-0.000251,0.041688,0.002511,0.0,0.002511,0.0,0.0,10.0,0.0
1776020637.3732152,45.951,-122.929848,-0.000431,0.057949,0.004313,0.0,0.004313,0.0,0.0,10.0,0.0
1776020637.3932319,45.971,-122.930489,-0.000641,0.092358,0.006415,0.0,0.006415,0.0,0.0,10.0,0.0
1776020637.4132533,45.991,-122.932526,-0.00059,0.115295,0.005897,0.0,0.005897,0.0,0.0,10.0,0.0
1776020637.4333556,46.011,-122.930923,-0.000752,0.016452,0.007521,0.0,0.007521,0.0,0.0,10.0,0.0
1776020637.4539778,46.031,-122.934052,-0.000657,0.061536,0.006569,0.0,0.006569,0.0,0.0,10.0,0.0
1776020637.4736636,46.051,-122.933929,-0.000514,0.272265,0.005136,0.0,0.005136,0.0,0.0,10.0,0.0
1776020637.493181,46.071,-122.937607,0.000612,0.155909,-0.00612,0.0,-0.00612,0.0,0.0,10.0,0.0
1776020637.5131986,46.091,-122.936279,-0.000158,0.003346,0.001583,0.0,0.001583,0.0,0.0,10.0,0.0
1776020637.533812,46.111,-122.93927,-0.000364,-0.129751,0.003642,0.0,0.003642,0.0,0.0,10.0,0.0
1776020637.553279,46.131,-122.939384,-0.000662,-0.023262,0.006623,0.0,0.006623,0.0,0.0,10.0,0.0
1776020637.5732105,46.151,-122.940559,-0.000204,-0.044619,0.002043,0.0,0.002043,0.0,0.0,10.0,0.0
1776020637.5932953,46.171,-122.941551,0.000462,-0.076332,-0.004618,0.0,-0.004618,0.0,0.0,10.0,0.0
1776020637.6138,46.191,-122.941338,-0.000835,0.084856,0.00835,0.0,0.00835,0.0,0.0,10.0,0.0
1776020637.6334498,46.211,-122.942566,-0.000301,0.11427,0.003012,0.0,0.003012,0.0,0.0,10.0,0.0
1776020637.653991,46.231,-122.941772,0.000209,0.021978,-0.002093,0.0,-0.002093,0.0,0.0,10.0,0.0
1776020637.6741443,46.251,-122.943359,-0.000422,-0.070118,0.004216,0.0,0.004216,0.0,0.0,10.0,0.0
1776020637.694022,46.271,-122.943169,0.000122,-0.174356,-0.001219,0.0,-0.001219,0.0,0.0,10.0,0.0
1776020637.7131977,46.291,-122.94606,-0.001804,0.314343,0.01804,0.0,0.01804,0.0,0.0,10.0,0.0
1776020637.733254,46.311,-122.944695,-0.00023,0.186073,0.0023,0.0,0.0023,0.0,0.0,10.0,0.0
1776020637.7533305,46.331,-122.946938,0.000185,0.06404,-0.001852,0.0,-0.001852,0.0,0.0,10.0,0.0
1776020637.774194,46.351,-122.947853,0.000354,0.131208,-0.003538,0.0,-0.003538,0.0,0.0,10.0,0.0
1776020637.7935166,46.371,-122.949654,-0.00024,0.098983,0.002398,0.0,0.002398,0.0,0.0,10.0,0.0
1776020637.8135896,46.391,-122.948479,0.000258,-0.052488,-0.002584,0.0,-0.002584,0.0,0.0,10.0,0.0
1776020637.833322,46.411,-122.9506,0.000151,-0.029325,-0.001508,0.0,-0.001508,0.0,0.0,10.0,0.0
1776020637.8539305,46.431,-122.951523,-0.00057,0.187811,0.005699,0.0,0.005699,0.0,0.0,10.0,0.0
1776020637.8733819,46.451,-122.951813,-0.000411,0.303654,0.004114,0.0,0.004114,0.0,0.0,10.0,0.0
1776020637.8936458,46.471,-122.952347,-0.000187,0.155119,0.001866,0.0,0.001866,0.0,0.0,10.0,0.0
1776020637.913641,46.491,-122.953674,-0.000304,0.11373,0.003043,0.0,0.003043,0.0,0.0,10.0,0.0
1776020637.9332147,46.511,-122.955063,0.000505,-0.238702,-0.005054,0.0,-0.005054,0.0,0.0,10.0,0.0
1776020637.9536793,46.531,-122.955338,-0.000474,-0.145344,0.004738,0.0,0.004738,0.0,0.0,10.0,0.0
1776020637.9732134,46.551,-122.95575,-0.001024,0.087188,0.010245,0.0,0.010245,0.0,0.0,10.0,0.0
1776020637.993434,46.571,-122.954575,-0.000629,-0.00528,0.006294,0.0,0.006294,0.0,0.0,10.0,0.0
1776020638.0139232,46.591,-122.955215,-0.000643,0.182146,0.006435,0.0,0.006435,0.0,0.0,10.0,0.0
1776020638.0332487,46.611,-122.955147,-0.000521,0.18122,0.005214,0.0,0.005214,0.0,0.0,10.0,0.0
1776020638.0534062,46.631,-122.95713,-0.001207,0.293019,0.012071,0.0,0.012071,0.0,0.0,10.0,0.0
1776020638.0734053,46.651,-122.956322,-0.000553,0.219022,0.005528,0.0,0.005528,0.0,0.0,10.0,0.0
1776020638.0931208,46.671,-122.958305,-0.000719,0.231645,0.007186,0.0,0.007186,0.0,0.0,10.0,0.0
1776020638.1133258,46.691,-122.957825,-8.3e-05,0.051513,0.000831,0.0,0.000831,0.0,0.0,10.0,0.0
1776020638.1331983,46.711,-122.961235,-0.000437,0.054533,0.004365,0.0,0.004365,0.0,0.0,10.0,0.0
1776020638.153911,46.731,-122.960518,-0.000251,0.089826,0.002514,0.0,0.002514,0.0,0.0,10.0,0.0
1776020638.1737537,46.751,-122.963371,0.000437,-0.042998,-0.004373,0.0,-0.004373,0.0,0.0,10.0,0.0
1776020638.193072,46.771,-122.964447,0.000295,-0.09406,-0.002954,0.0,-0.002954,0.0,0.0,10.0,0.0
1776020638.213258,46.791,-122.966194,-0.000428,-0.09464,0.004284,0.0,0.004284,0.0,0.0,10.0,0.0
1776020638.2332733,46.811,-122.965149,-0.000755,0.034997,0.007547,0.0,0.007547,0.0,0.0,10.0,0.0
1776020638.253216,46.831,-122.966591,-0.000734,0.159049,0.007341,0.0,0.007341,0.0,0.0,10.0,0.0
1776020638.2734985,46.851,-122.966156,-0.000593,0.067799,0.005928,0.0,0.005928,0.0,0.0,10.0,0.0
1776020638.293749,46.871,-122.964775,9.3e-05,-0.084213,-0.000928,0.0,-0.000928,0.0,0.0,10.0,0.0
1776020638.3136141,46.891,-122.966469,-0.000685,-0.076447,0.006849,0.0,0.006849,0.0,0.0,10.0,0.0
1776020638.3332534,46.911,-122.96685,-0.000333,0.011777,0.003332,0.0,0.003332,0.0,0.0,10.0,0.0
1776020638.3536203,46.931,-122.969124,-0.000276,0.077469,0.002762,0.0,0.002762,0.0,0.0,10.0,0.0
1776020638.373216,46.951,-122.970474,-6.1e-05,-0.026685,0.000613,0.0,0.000613,0.0,0.0,10.0,0.0
1776020638.3935308,46.971,-122.972046,2.2e-05,0.049513,-0.000217,0.0,-0.000217,0.0,0.0,10.0,0.0
1776020638.4135377,46.991,-122.97113,-0.000318,0.191702,0.003178,0.0,0.003178,0.0,0.0,10.0,0.0
1776020638.434079,47.011,-122.973053,-0.000728,0.260014,0.007284,0.0,0.007284,0.0,0.0,10.0,0.0
1776020638.4532225,47.031,-122.974846,5.9e-05,0.216659,-0.000594,0.0,-0.000594,0.0,0.0,10.0,0.0
1776020638.4733796,47.051,-122.975334,-0.000317,0.188723,0.003169,0.0,0.003169,0.0,0.0,10.0,0.0
1776020638.493633,47.071,-122.976349,0.00105,-0.191664,-0.0105,0.0,-0.0105,0.0,0.0,10.0,0.0
1776020638.5144455,47.091,-122.980347,-5.4e-05,-0.129992,0.000542,0.0,0.000542,0.0,0.0,10.0,0.0
1776020638.5332875,47.111,-122.981125,0.000997,-0.360842,-0.009974,0.0,-0.009974,0.0,0.0,10.0,0.0
1776020638.5532372,47.131,-122.981453,-0.000199,-0.296838,0.001985,0.0,0.001985,0.0,0.0,10.0,0.0
1776020638.5731149,47.151,-122.980537,-0.001673,0.198856,0.016728,0.0,0.016728,0.0,0.0,10.0,0.0
1776020638.5932105,47.171,-122.980202,-0.001311,0.371029,0.013105,0.0,0.013105,0.0,0.0,10.0,0.0
1776020638.6135306,47.191,-122.983002,4.9e-05,0.105226,-0.000493,0.0,-0.000493,0.0,0.0,10.0,0.0
1776020638.6336172,47.211,-122.983124,-0.00015,-0.085345,0.001495,0.0,0.001495,0.0,0.0,10.0,0.0
1776020638.6531389,47.231,-122.986221,-0.001337,0.122503,0.013366,0.0,0.013366,0.0,0.0,10.0,0.0
1776020638.673566,47.251,-122.985992,-0.000473,-0.074589,0.004726,0.0,0.004726,0.0,0.0,10.0,0.0
1776020638.6932323,47.271,-122.988358,0.000216,-0.243306,-0.002161,0.0,-0.002161,0.0,0.0,10.0,0.0
1776020638.7132928,47.291,-122.985458,0.000165,-0.130939,-0.001651,0.0,-0.001651,0.0,0.0,10.0,0.0
1776020638.7334077,47.311,-122.98513,-0.000202,0.041079,0.002021,0.0,0.002021,0.0,0.0,10.0,0.0
1776020638.7534208,47.331,-122.986214,-0.000451,0.15411,0.004507,0.0,0.004507,0.0,0.0,10.0,0.0
1776020638.773429,47.351,-122.987633,0.000829,0.054049,-0.008287,0.0,-0.008287,0.0,0.0,10.0,0.0
1776020638.7942152,47.371,-122.988846,0.001195,-0.121434,-0.011947,0.0,-0.011947,0.0,0.0,10.0,0.0
1776020638.8135984,47.391,-122.990311,-0.000451,0.191841,0.004514,0.0,0.004514,0.0,0.0,10.0,0.0
1776020638.8331976,47.411,-122.991158,0.000352,0.131205,-0.003524,0.0,-0.003524,0.0,0.0,10.0,0.0
1776020638.8531919,47.431,-122.993202,-6.8e-05,0.135593,0.000679,0.0,0.000679,0.0,0.0,10.0,0.0
1776020638.8732178,47.451,-122.994095,-0.000665,0.230079,0.006651,0.0,0.006651,0.0,0.0,10.0,0.0
1776020638.893615,47.471,-122.993355,-0.000631,0.146719,0.006309,0.0,0.006309,0.0,0.0,10.0,0.0
1776020638.913217,47.491,-122.992477,-0.00088,0.147263,0.008795,0.0,0.008795,0.0,0.0,10.0,0.0
1776020638.9331503,47.511,-122.993599,-0.000213,0.022154,0.002133,0.0,0.002133,0.0,0.0,10.0,0.0
1776020638.9532182,47.531,-122.997208,-0.000871,-0.024257,0.008707,0.0,0.008707,0.0,0.0,10.0,0.0
1776020638.9732342,47.551,-122.99678,-0.001001,0.157179,0.010013,0.0,0.010013,0.0,0.0,10.0,0.0
1776020638.9937897,47.571,-122.998001,0.000394,0.006247,-0.003938,0.0,-0.003938,0.0,0.0,10.0,0.0
1776020639.013157,47.591,-122.997627,0.000279,-0.264849,-0.002787,0.0,-0.002787,0.0,0.0,10.0,0.0
1776020639.0337958,47.611,-122.999641,0.000946,-0.350527,-0.009456,0.0,-0.009456,0.0,0.0,10.0,0.0
1776020639.05349,47.631,-122.999474,-1.7e-05,-0.055764,0.000168,0.0,0.000168,0.0,0.0,10.0,0.0
1776020639.074118,47.651,-123.001129,0.000388,-0.101289,-0.003884,0.0,-0.003884,0.0,0.0,10.0,0.0
1776020639.0933373,47.671,-123.001999,0.000762,-0.166069,-0.007622,0.0,-0.007622,0.0,0.0,10.0,0.0
1776020639.1132581,47.691,-123.003693,0.000823,-0.078374,-0.008226,0.0,-0.008226,0.0,0.0,10.0,0.0
1776020639.1333568,47.711,-123.004623,5.3e-05,0.096985,-0.000529,0.0,-0.000529,0.0,0.0,10.0,0.0
1776020639.1533785,47.731,-123.007523,0.001127,-0.127369,-0.011266,0.0,-0.011266,0.0,0.0,10.0,0.0
1776020639.1732538,47.751,-123.007736,0.000283,-0.140645,-0.002833,0.0,-0.002833,0.0,0.0,10.0,0.0
1776020639.1932218,47.771,-123.009827,0.000275,-0.012253,-0.002754,0.0,-0.002754,0.0,0.0,10.0,0.0
1776020639.2131429,47.791,-123.012573,-0.000627,0.248901,0.006268,0.0,0.006268,0.0,0.0,10.0,0.0
1776020639.2338257,47.811,-123.013992,-0.000804,0.393089,0.008041,0.0,0.008041,0.0,0.0,10.0,0.0
1776020639.2532432,47.831,-123.015182,0.000585,0.037671,-0.005854,0.0,-0.005854,0.0,0.0,10.0,0.0
1776020639.2731352,47.851,-123.015427,-0.001235,0.086769,0.012347,0.0,0.012347,0.0,0.0,10.0,0.0
1776020639.2930434,47.871,-123.015816,-0.000136,-0.038499,0.001358,0.0,0.001358,0.0,0.0,10.0,0.0
1776020639.3131268,47.891,-123.015144,-0.000201,-0.060063,0.002012,0.0,0.002012,0.0,0.0,10.0,0.0
1776020639.3337126,47.911,-123.014938,0.00038,-0.119469,-0.003799,0.0,-0.003799,0.0,0.0,10.0,0.0
1776020639.3537264,47.931,-123.014908,-0.000211,0.028588,0.002113,0.0,0.002113,0.0,0.0,10.0,0.0
1776020639.37489,47.951,-123.015045,0.000105,0.165416,-0.001048,0.0,-0.001048,0.0,0.0,10.0,0.0
1776020639.393227,47.971,-123.015404,0.000813,0.045526,-0.008126,0.0,-0.008126,0.0,0.0,10.0,0.0
1776020639.413162,47.991,-123.016495,0.001025,-0.1856,-0.01025,0.0,-0.01025,0.0,0.0,10.0,0.0
1776020639.4332366,48.011,-123.01506,0.000658,-0.135769,-0.006576,0.0,-0.006576,0.0,0.0,10.0,0.0
1776020639.4532316,48.031,-123.014732,0.000658,-0.22545,-0.006575,0.0,-0.006575,0.0,0.0,10.0,0.0
1776020639.4738638,48.051,-123.015717,0.00128,-0.350525,-0.012802,0.0,-0.012802,0.0,0.0,10.0,0.0
1776020639.4932225,48.071,-123.016983,0.000225,0.030618,-0.002246,0.0,-0.002246,0.0,0.0,10.0,0.0
1776020639.5135546,48.091,-123.018105,0.000916,-0.083363,-0.009162,0.0,-0.009162,0.0,0.0,10.0,0.0
1776020639.5331793,48.111,-123.016335,0.000145,-0.095052,-0.001454,0.0,-0.001454,0.0,0.0,10.0,0.0
1776020639.5533428,48.131,-123.017395,0.000471,-0.058076,-0.004714,0.0,-0.004714,0.0,0.0,10.0,0.0
1776020639.5732732,48.151,-123.017166,0.00072,-0.220779,-0.007203,0.0,-0.007203,0.0,0.0,10.0,0.0
1776020639.5938034,48.171,-123.017563,-0.000141,-0.041779,0.00141,0.0,0.00141,0.0,0.0,10.0,0.0
1776020639.6132429,48.191,-123.016907,-0.000209,0.005077,0.002088,0.0,0.002088,0.0,0.0,10.0,0.0
1776020639.633425,48.211,-123.019569,0.000315,0.020237,-0.003146,0.0,-0.003146,0.0,0.0,10.0,0.0
1776020639.6534028,48.231,-123.019348,0.00151,-0.212707,-0.015103,0.0,-0.015103,0.0,0.0,10.0,0.0
1776020639.67367,48.251,-123.02137,0.000666,0.066061,-0.006663,0.0,-0.006663,0.0,0.0,10.0,0.0
1776020639.6933372,48.271,-123.022301,0.000633,0.02234,-0.006329,0.0,-0.006329,0.0,0.0,10.0,0.0
1776020639.7133203,48.291,-123.023697,0.000104,0.255015,-0.001045,0.0,-0.001045,0.0,0.0,10.0,0.0
1776020639.7333565,48.311,-123.022942,0.000635,0.170175,-0.006346,0.0,-0.006346,0.0,0.0,10.0,0.0
1776020639.7534802,48.331,-123.026054,0.000476,0.114842,-0.004756,0.0,-0.004756,0.0,0.0,10.0,0.0
1776020639.7731483,48.351,-123.0261,0.000859,0.002498,-0.008589,0.0,-0.008589,0.0,0.0,10.0,0.0
1776020639.7931747,48.371,-123.025131,0.001438,-0.3624,-0.014382,0.0,-0.014382,0.0,0.0,10.0,0.0
1776020639.8134432,48.391,-123.025528,0.00017,-0.249082,-0.001695,0.0,-0.001695,0.0,0.0,10.0,0.0
1776020639.8334901,48.411,-123.024948,0.000466,-0.208709,-0.004658,0.0,-0.004658,0.0,0.0,10.0,0.0
1776020639.8533223,48.431,-123.026047,-3.8e-05,-0.068933,0.000378,0.0,0.000378,0.0,0.0,10.0,0.0
1776020639.8732207,48.451,-123.027031,0.000393,-0.061102,-0.003927,0.0,-0.003927,0.0,0.0,10.0,0.0
1776020639.893504,48.471,-123.027832,-0.00016,0.027054,0.001601,0.0,0.001601,0.0,0.0,10.0,0.0
1776020639.9132586,48.491,-123.026375,0.000144,0.214255,-0.001442,0.0,-0.001442,0.0,0.0,10.0,0.0
1776020639.9332044,48.511,-123.027809,-0.000202,0.16073,0.002024,0.0,0.002024,0.0,0.0,10.0,0.0
1776020639.953738,48.531,-123.025688,0.000601,-0.117034,-0.006009,0.0,-0.006009,0.0,0.0,10.0,0.0
1776020639.9745219,48.551,-123.02607,0.000542,-0.195737,-0.005415,0.0,-0.005415,0.0,0.0,10.0,0.0
1776020639.993291,48.571,-123.024498,0.001006,-0.121531,-0.01006,0.0,-0.01006,0.0,0.0,10.0,0.0
1776020640.0136871,48.591,-123.02491,0.0009,-0.00766,-0.009004,0.0,-0.009004,0.0,0.0,10.0,0.0
1776020640.0331895,48.611,-123.023369,0.000845,-0.061349,-0.008448,0.0,-0.008448,0.0,0.0,10.0,0.0
1776020640.0531974,48.631,-123.023575,0.000664,-0.142061,-0.006635,0.0,-0.006635,0.0,0.0,10.0,0.0
1776020640.0731602,48.651,-123.022301,0.000178,-0.023483,-0.001783,0.0,-0.001783,0.0,0.0,10.0,0.0
1776020640.093313,48.671,-123.022575,0.000183,0.071126,-0.001835,0.0,-0.001835,0.0,0.0,10.0,0.0
1776020640.1140254,48.691,-123.022507,0.000747,-0.077878,-0.007473,0.0,-0.007473,0.0,0.0,10.0,0.0
1776020640.133493,48.711,-123.023094,0.000317,-0.076784,-0.003172,0.0,-0.003172,0.0,0.0,10.0,0.0
1776020640.1532352,48.731,-123.024635,-0.000245,0.00862,0.002447,0.0,0.002447,0.0,0.0,10.0,0.0
1776020640.1731966,48.751,-123.026085,0.000525,-0.032378,-0.005251,0.0,-0.005251,0.0,0.0,10.0,0.0
1776020640.1938417,48.771,-123.02742,0.000675,-0.194604,-0.006753,0.0,-0.006753,0.0,0.0,10.0,0.0
1776020640.2134674,48.791,-123.028023,-0.000465,-0.180596,0.004648,0.0,0.004648,0.0,0.0,10.0,0.0
1776020640.2332256,48.811,-123.029503,0.000288,-0.151035,-0.002877,0.0,-0.002877,0.0,0.0,10.0,0.0
1776020640.2531145,48.831,-123.03006,0.000303,0.054772,-0.003031,0.0,-0.003031,0.0,0.0,10.0,0.0
1776020640.2733352,48.851,-123.031853,0.000139,0.097136,-0.00139,0.0,-0.00139,0.0,0.0,10.0,0.0
1776020640.2936976,48.871,-123.030098,0.000845,-0.013719,-0.00845,0.0,-0.00845,0.0,0.0,10.0,0.0
1776020640.3135626,48.891,-123.030388,-0.000459,0.275333,0.004593,0.0,0.004593,0.0,0.0,10.0,0.0
1776020640.3339498,48.911,-123.029785,8.4e-05,0.226562,-0.000844,0.0,-0.000844,0.0,0.0,10.0,0.0
1776020640.3536506,48.931,-123.030769,0.000295,0.221813,-0.002948,0.0,-0.002948,0.0,0.0,10.0,0.0
1776020640.373927,48.951,-123.030991,0.000585,0.020944,-0.005854,0.0,-0.005854,0.0,0.0,10.0,0.0
1776020640.3930402,48.971,-123.032051,-0.000242,0.044466,0.002415,0.0,0.002415,0.0,0.0,10.0,0.0
1776020640.4132862,48.991,-123.031059,0.000437,-0.123696,-0.004372,0.0,-0.004372,0.0,0.0,10.0,0.0
1776020640.433386,49.011,-123.032112,0.001268,-0.345485,-0.012684,0.0,-0.012684,0.0,0.0,10.0,0.0
1776020640.4534476,49.031,-123.031151,-0.00029,-0.099548,0.002901,0.0,0.002901,0.0,0.0,10.0,0.0
1776020640.473339,49.051,-123.030647,1e-05,0.025866,-0.000101,0.0,-0.000101,0.0,0.0,10.0,0.0
1776020640.4934735,49.071,-123.032707,-0.000449,0.056727,0.004486,0.0,0.004486,0.0,0.0,10.0,0.0
1776020640.5131965,49.091,-123.031334,0.00101,-0.262374,-0.010104,0.0,-0.010104,0.0,0.0,10.0,0.0
1776020640.533189,49.111,-123.032356,0.000592,-0.207186,-0.005916,0.0,-0.005916,0.0,0.0,10.0,0.0
1776020640.5533366,49.131,-123.030235,-0.000293,-0.014465,0.002931,0.0,0.002931,0.0,0.0,10.0,0.0
1776020640.5731666,49.151,-123.032394,-0.000115,0.054327,0.001145,0.0,0.001145,0.0,0.0,10.0,0.0
1776020640.5938377,49.171,-123.031425,7.3e-05,-0.038881,-0.000734,0.0,-0.000734,0.0,0.0,10.0,0.0
1776020640.6131938,49.191,-123.033951,-6.1e-05,0.129571,0.000613,0.0,0.000613,0.0,0.0,10.0,0.0
1776020640.6334534,49.211,-123.032356,0.001079,0.072521,-0.010787,0.0,-0.010787,0.0,0.0,10.0,0.0
1776020640.6533756,49.231,-123.032532,0.000653,-0.091442,-0.006531,0.0,-0.006531,0.0,0.0,10.0,0.0
1776020640.673455,49.251,-123.031265,0.000543,-0.139804,-0.005433,0.0,-0.005433,0.0,0.0,10.0,0.0
1776020640.6933973,49.271,-123.031876,0.000697,-0.121333,-0.006965,0.0,-0.006965,0.0,0.0,10.0,0.0
1776020640.7133696,49.291,-123.030785,0.000695,0.006075,-0.006947,0.0,-0.006947,0.0,0.0,10.0,0.0
1776020640.7336848,49.311,-123.030746,0.000411,0.080728,-0.004107,0.0,-0.004107,0.0,0.0,10.0,0.0
1776020640.7535076,49.331,-123.029312,0.000563,-0.020342,-0.005631,0.0,-0.005631,0.0,0.0,10.0,0.0
1776020640.77381,49.351,-123.029366,0.000633,-0.046535,-0.006334,0.0,-0.006334,0.0,0.0,10.0,0.0
1776020640.7936294,49.371,-123.030304,-1.3e-05,-0.06469,0.000126,0.0,0.000126,0.0,0.0,10.0,0.0
1776020640.8140023,49.391,-123.030113,0.000689,-0.215604,-0.00689,0.0,-0.00689,0.0,0.0,10.0,0.0
1776020640.8335836,49.411,-123.030319,-2.1e-05,-0.190838,0.000206,0.0,0.000206,0.0,0.0,10.0,0.0
1776020640.853513,49.431,-123.027519,-0.000913,0.148826,0.009127,0.0,0.009127,0.0,0.0,10.0,0.0
1776020640.8736022,49.451,-123.026222,-0.00041,0.274485,0.004103,0.0,0.004103,0.0,0.0,10.0,0.0
1776020640.8932211,49.471,-123.02272,-6.1e-05,0.052704,0.000612,0.0,0.000612,0.0,0.0,10.0,0.0
1776020640.9132488,49.491,-123.022614,-0.000531,0.064569,0.005314,0.0,0.005314,0.0,0.0,10.0,0.0
1776020640.933255,49.511,-123.019814,-0.000632,0.057843,0.006318,0.0,0.006318,0.0,0.0,10.0,0.0
1776020640.9546173,49.531,-123.022263,0.000767,-0.091023,-0.007668,0.0,-0.007668,0.0,0.0,10.0,0.0
1776020640.9735408,49.551,-123.021561,0.00027,0.002832,-0.002699,0.0,-0.002699,0.0,0.0,10.0,0.0
1776020640.9936252,49.571,-123.021248,0.001374,-0.419063,-0.013738,0.0,-0.013738,0.0,0.0,10.0,0.0
1776020641.0135486,49.591,-123.021317,0.000178,-0.053887,-0.001785,0.0,-0.001785,0.0,0.0,10.0,0.0
1776020641.0343928,49.611,-123.021492,0.000841,-0.000601,-0.008414,0.0,-0.008414,0.0,0.0,10.0,0.0
1776020641.0535269,49.631,-123.022591,0.000122,0.125678,-0.001216,0.0,-0.001216,0.0,0.0,10.0,0.0
1776020641.0736778,49.651,-123.023628,0.000794,0.025153,-0.007942,0.0,-0.007942,0.0,0.0,10.0,0.0
1776020641.0939367,49.671,-123.025566,0.000332,-0.111347,-0.003316,0.0,-0.003316,0.0,0.0,10.0,0.0
1776020641.1140401,49.691,-123.025322,-0.000522,0.104987,0.005223,0.0,0.005223,0.0,0.0,10.0,0.0
1776020641.1335251,49.711,-123.026985,-0.000712,0.189653,0.007124,0.0,0.007124,0.0,0.0,10.0,0.0
1776020641.153281,49.731,-123.025795,-0.000239,0.062071,0.002387,0.0,0.002387,0.0,0.0,10.0,0.0
1776020641.173194,49.751,-123.027412,-0.000822,0.108424,0.00822,0.0,0.00822,0.0,0.0,10.0,0.0
1776020641.1941457,49.771,-123.026833,-0.000567,0.20461,0.005672,0.0,0.005672,0.0,0.0,10.0,0.0
1776020641.2136374,49.791,-123.029129,0.000382,-0.12952,-0.003822,0.0,-0.003822,0.0,0.0,10.0,0.0
1776020641.2331483,49.811,-123.028214,9.7e-05,-0.151497,-0.00097,0.0,-0.00097,0.0,0.0,10.0,0.0
1776020641.2535152,49.831,-123.028435,-0.000901,0.036301,0.009012,0.0,0.009012,0.0,0.0,10.0,0.0
1776020641.2736993,49.851,-123.027397,0.000148,-0.058099,-0.001478,0.0,-0.001478,0.0,0.0,10.0,0.0
1776020641.2935412,49.871,-123.028542,0.001002,-0.273963,-0.010015,0.0,-0.010015,0.0,0.0,10.0,0.0
1776020641.3135755,49.891,-123.027901,0.000575,-0.174818,-0.005746,0.0,-0.005746,0.0,0.0,10.0,0.0
1776020641.3335316,49.911,-123.029472,-0.000201,0.15559,0.002012,0.0,0.002012,0.0,0.0,10.0,0.0
1776020641.35399,49.931,-123.028191,-0.000409,0.257459,0.004093,0.0,0.004093,0.0,0.0,10.0,0.0
1776020641.3735633,49.951,-123.028381,0.000774,-0.015704,-0.007742,0.0,-0.007742,0.0,0.0,10.0,0.0
1776020641.3939188,49.971,-123.027626,0.000398,-0.083389,-0.003984,0.0,-0.003984,0.0,0.0,10.0,0.0
1776020641.4135137,49.991,-123.028282,-0.000105,0.061017,0.001053,0.0,0.001053,0.0,0.0,10.0,0.0
1776020641.4335012,50.011,-123.029182,-0.000252,0.025773,0.002517,0.0,0.002517,0.0,0.0,10.0,0.0
1776020641.453519,50.031,-123.028954,-0.000188,-0.090432,0.001878,0.0,0.001878,0.0,0.0,10.0,0.0
1776020641.4735007,50.051,-123.028679,-0.00039,0.012294,0.003896,0.0,0.003896,0.0,0.0,10.0,0.0
1776020641.493109,50.071,-123.028076,-0.000748,0.085184,0.007482,0.0,0.007482,0.0,0.0,10.0,0.0
1776020641.5135136,50.091,-123.027557,-0.001799,0.312923,0.017993,0.0,0.017993,0.0,0.0,10.0,0.0
1776020641.5335288,50.111,-123.026711,-0.000701,0.269559,0.007014,0.0,0.007014,0.0,0.0,10.0,0.0
1776020641.5535028,50.131,-123.029884,-0.00087,0.257088,0.008701,0.0,0.008701,0.0,0.0,10.0,0.0
1776020641.5735211,50.151,-123.027573,-0.000383,0.151804,0.003834,0.0,0.003834,0.0,0.0,10.0,0.0
1776020641.5935314,50.171,-123.027901,7.5e-05,0.059547,-0.000748,0.0,-0.000748,0.0,0.0,10.0,0.0
1776020641.613614,50.191,-123.0252,-0.000407,0.038452,0.004073,0.0,0.004073,0.0,0.0,10.0,0.0
1776020641.633509,50.211,-123.025047,-0.000881,0.063765,0.008806,0.0,0.008806,0.0,0.0,10.0,0.0
1776020641.6535196,50.231,-123.022659,-0.00031,-0.039862,0.003102,0.0,0.003102,0.0,0.0,10.0,0.0
1776020641.673522,50.251,-123.022339,9e-06,0.005157,-9.3e-05,0.0,-9.3e-05,0.0,0.0,10.0,0.0
1776020641.6935568,50.271,-123.022629,0.001085,-0.281158,-0.010854,0.0,-0.010854,0.0,0.0,10.0,0.0
1776020641.7135344,50.291,-123.024048,0.000484,-0.335169,-0.004841,0.0,-0.004841,0.0,0.0,10.0,0.0
1776020641.7335768,50.311,-123.025841,-0.000869,0.104683,0.008694,0.0,0.008694,0.0,0.0,10.0,0.0
1776020641.7536554,50.331,-123.027191,-0.001032,0.109995,0.010324,0.0,0.010324,0.0,0.0,10.0,0.0
1776020641.7735217,50.351,-123.027229,-0.000934,0.306721,0.009343,0.0,0.009343,0.0,0.0,10.0,0.0
1776020641.7935388,50.371,-123.02652,-0.000874,0.222643,0.008739,0.0,0.008739,0.0,0.0,10.0,0.0
1776020641.8135345,50.391,-123.026711,-0.001278,0.135489,0.012779,0.0,0.012779,0.0,0.0,10.0,0.0
1776020641.833648,50.411,-123.023247,-0.000959,0.050848,0.009588,0.0,0.009588,0.0,0.0,10.0,0.0
1776020641.8535426,50.431,-123.021042,-0.000841,0.049243,0.008411,0.0,0.008411,0.0,0.0,10.0,0.0
1776020641.8735132,50.451,-123.017845,-0.001598,0.087897,0.015978,0.0,0.015978,0.0,0.0,10.0,0.0
1776020641.893049,50.471,-123.019035,-0.000301,-0.099733,0.00301,0.0,0.00301,0.0,0.0,10.0,0.0
1776020641.913499,50.491,-123.020317,-0.000932,0.087261,0.009324,0.0,0.009324,0.0,0.0,10.0,0.0
1776020641.933296,50.511,-123.024483,0.000172,0.036676,-0.001724,0.0,-0.001724,0.0,0.0,10.0,0.0
1776020641.9536242,50.531,-123.024216,-0.000834,0.114308,0.00834,0.0,0.00834,0.0,0.0,10.0,0.0
1776020641.9739838,50.551,-123.023682,4.1e-05,0.086894,-0.000409,0.0,-0.000409,0.0,0.0,10.0,0.0
1776020641.9936392,50.571,-123.022285,-0.000346,0.049471,0.003461,0.0,0.003461,0.0,0.0,10.0,0.0
1776020642.0138195,50.591,-123.022903,0.00018,-0.006433,-0.0018,0.0,-0.0018,0.0,0.0,10.0,0.0
1776020642.0335507,50.611,-123.023094,-0.000356,0.075132,0.003565,0.0,0.003565,0.0,0.0,10.0,0.0
1776020642.0535429,50.631,-123.023178,-0.000495,-0.014662,0.00495,0.0,0.00495,0.0,0.0,10.0,0.0
1776020642.073546,50.651,-123.022736,-4.8e-05,-0.164106,0.000481,0.0,0.000481,0.0,0.0,10.0,0.0
1776020642.0941882,50.671,-123.023651,0.00091,-0.416832,-0.009105,0.0,-0.009105,0.0,0.0,10.0,0.0
1776020642.11353,50.691,-123.024681,-0.001185,-0.038065,0.011848,0.0,0.011848,0.0,0.0,10.0,0.0
1776020642.1333055,50.711,-123.024391,-0.001345,0.173067,0.013448,0.0,0.013448,0.0,0.0,10.0,0.0
1776020642.1532001,50.731,-123.026413,-0.000743,0.20358,0.007431,0.0,0.007431,0.0,0.0,10.0,0.0
1776020642.1734154,50.751,-123.024353,-0.000558,0.183808,0.005579,0.0,0.005579,0.0,0.0,10.0,0.0
1776020642.193604,50.771,-123.025826,-0.000416,0.073251,0.00416,0.0,0.00416,0.0,0.0,10.0,0.0
1776020642.213527,50.791,-123.024292,-0.000314,0.094912,0.003138,0.0,0.003138,0.0,0.0,10.0,0.0
1776020642.2335176,50.811,-123.023407,-0.000693,0.084551,0.006928,0.0,0.006928,0.0,0.0,10.0,0.0
1776020642.253848,50.831,-123.023148,0.00104,-0.27377,-0.010402,0.0,-0.010402,0.0,0.0,10.0,0.0
1776020642.273268,50.851,-123.024963,0.000133,-0.086926,-0.00133,0.0,-0.00133,0.0,0.0,10.0,0.0
1776020642.2931921,50.871,-123.024323,2.5e-05,0.153526,-0.000248,0.0,-0.000248,0.0,0.0,10.0,0.0
1776020642.3134885,50.891,-123.025291,-0.00036,0.244426,0.003605,0.0,0.003605,0.0,0.0,10.0,0.0
1776020642.3331938,50.911,-123.024635,0.000537,-0.112933,-0.005367,0.0,-0.005367,0.0,0.0,10.0,0.0
1776020642.3535638,50.931,-123.025726,-0.000136,-0.036976,0.001359,0.0,0.001359,0.0,0.0,10.0,0.0
1776020642.3736093,50.951,-123.022987,0.000246,-0.083944,-0.002456,0.0,-0.002456,0.0,0.0,10.0,0.0
1776020642.3935351,50.971,-123.022751,-0.000376,-0.164209,0.003758,0.0,0.003758,0.0,0.0,10.0,0.0
1776020642.414513,50.991,-123.024048,-0.001101,0.026992,0.011014,0.0,0.011014,0.0,0.0,10.0,0.0
1776020642.4332664,51.011,-123.02446,-0.001116,0.239459,0.011162,0.0,0.011162,0.0,0.0,10.0,0.0
1776020642.4538147,51.031,-123.025932,-0.000998,0.352784,0.009979,0.0,0.009979,0.0,0.0,10.0,0.0
1776020642.4735246,51.051,-123.023926,-0.000684,0.168042,0.00684,0.0,0.00684,0.0,0.0,10.0,0.0
1776020642.493558,51.071,-123.025497,-0.000748,0.07456,0.007483,0.0,0.007483,0.0,0.0,10.0,0.0
1776020642.5135674,51.091,-123.02533,-0.001133,0.096867,0.011325,0.0,0.011325,0.0,0.0,10.0,0.0
1776020642.5334475,51.111,-123.027229,-0.001375,0.207032,0.013754,0.0,0.013754,0.0,0.0,10.0,0.0
1776020642.553534,51.131,-123.025238,-0.000426,0.150433,0.004256,0.0,0.004256,0.0,0.0,10.0,0.0
1776020642.5734975,51.151,-123.026588,-0.000412,0.048999,0.004121,0.0,0.004121,0.0,0.0,10.0,0.0
1776020642.5935216,51.171,-123.02652,0.000806,0.015737,-0.008055,0.0,-0.008055,0.0,0.0,10.0,0.0
1776020642.6136608,51.191,-123.028801,0.000446,0.097415,-0.004461,0.0,-0.004461,0.0,0.0,10.0,0.0
1776020642.6332536,51.211,-123.028763,0.000779,-0.091906,-0.007787,0.0,-0.007787,0.0,0.0,10.0,0.0
1776020642.6535676,51.231,-123.030212,0.00094,-0.236955,-0.009403,0.0,-0.009403,0.0,0.0,10.0,0.0
1776020642.6735702,51.251,-123.028679,0.000326,-0.107639,-0.003255,0.0,-0.003255,0.0,0.0,10.0,0.0
1776020642.693936,51.271,-123.028786,-0.000812,0.200314,0.008122,0.0,0.008122,0.0,0.0,10.0,0.0
1776020642.7135513,51.291,-123.029366,-0.000203,-0.043061,0.002028,0.0,0.002028,0.0,0.0,10.0,0.0
1776020642.7332907,51.311,-123.028625,-0.000323,-0.131248,0.003232,0.0,0.003232,0.0,0.0,10.0,0.0
1776020642.7536411,51.331,-123.030922,-0.00166,0.054023,0.0166,0.0,0.0166,0.0,0.0,10.0,0.0
1776020642.7731037,51.351,-123.030678,-0.000589,0.168034,0.005891,0.0,0.005891,0.0,0.0,10.0,0.0
1776020642.7935722,51.371,-123.03125,0.00019,-0.093764,-0.001898,0.0,-0.001898,0.0,0.0,10.0,0.0
1776020642.813497,51.391,-123.031059,-0.000529,0.062881,0.005285,0.0,0.005285,0.0,0.0,10.0,0.0
1776020642.833257,51.411,-123.03196,-0.000311,0.043348,0.003107,0.0,0.003107,0.0,0.0,10.0,0.0
1776020642.853283,51.431,-123.030891,3.3e-05,0.049644,-0.000334,0.0,-0.000334,0.0,0.0,10.0,0.0
1776020642.8735511,51.451,-123.03054,0.000287,-0.004761,-0.002873,0.0,-0.002873,0.0,0.0,10.0,0.0
1776020642.8935308,51.471,-123.026482,-0.000238,0.075323,0.002376,0.0,0.002376,0.0,0.0,10.0,0.0
1776020642.9135046,51.491,-123.025269,-0.000697,0.1304,0.006971,0.0,0.006971,0.0,0.0,10.0,0.0
1776020642.9333007,51.511,-123.025269,4e-06,0.067849,-3.7e-05,0.0,-3.7e-05,0.0,0.0,10.0,0.0
1776020642.9535177,51.531,-123.025185,0.00096,-0.093447,-0.009604,0.0,-0.009604,0.0,0.0,10.0,0.0
1776020642.9738238,51.551,-123.023819,8.7e-05,-0.010696,-0.000869,0.0,-0.000869,0.0,0.0,10.0,0.0
1776020642.9935625,51.571,-123.023186,-0.000156,0.157996,0.001558,0.0,0.001558,0.0,0.0,10.0,0.0
1776020643.0135827,51.591,-123.022766,-0.00038,0.182342,0.0038,0.0,0.0038,0.0,0.0,10.0,0.0
1776020643.033094,51.611,-123.02282,0.000416,0.002175,-0.004158,0.0,-0.004158,0.0,0.0,10.0,0.0
1776020643.0535822,51.631,-123.022507,0.000423,-0.041312,-0.004229,0.0,-0.004229,0.0,0.0,10.0,0.0
1776020643.0735438,51.651,-123.020294,-0.0002,0.072461,0.001998,0.0,0.001998,0.0,0.0,10.0,0.0
1776020643.0935,51.671,-123.021004,-0.000424,0.114584,0.004241,0.0,0.004241,0.0,0.0,10.0,0.0
1776020643.1131718,51.691,-123.018517,-0.000294,-0.05831,0.002937,0.0,0.002937,0.0,0.0,10.0,0.0
1776020643.1339147,51.711,-123.019211,-0.000449,0.026666,0.004493,0.0,0.004493,0.0,0.0,10.0,0.0
1776020643.1535268,51.731,-123.017708,-0.001259,0.208782,0.01259,0.0,0.01259,0.0,0.0,10.0,0.0
1776020643.1735349,51.751,-123.017845,-0.000866,0.273411,0.008663,0.0,0.008663,0.0,0.0,10.0,0.0
1776020643.1931963,51.771,-123.014267,9e-05,0.032886,-0.000904,0.0,-0.000904,0.0,0.0,10.0,0.0
1776020643.2135305,51.791,-123.014252,-0.000349,0.033861,0.003489,0.0,0.003489,0.0,0.0,10.0,0.0
1776020643.233332,51.811,-123.013092,0.000542,-0.158617,-0.005417,0.0,-0.005417,0.0,0.0,10.0,0.0
1776020643.253508,51.831,-123.015633,-0.000137,-0.031766,0.001372,0.0,0.001372,0.0,0.0,10.0,0.0
1776020643.273633,51.851,-123.016129,0.000594,-0.123707,-0.005942,0.0,-0.005942,0.0,0.0,10.0,0.0
1776020643.2935522,51.871,-123.015335,0.001617,-0.327146,-0.016169,0.0,-0.016169,0.0,0.0,10.0,0.0
1776020643.3135362,51.891,-123.014854,-6.8e-05,-0.003864,0.000684,0.0,0.000684,0.0,0.0,10.0,0.0
1776020643.3335285,51.911,-123.014954,0.000646,-0.04521,-0.006464,0.0,-0.006464,0.0,0.0,10.0,0.0
1776020643.3530793,51.931,-123.014366,-0.000157,0.037247,0.001569,0.0,0.001569,0.0,0.0,10.0,0.0
1776020643.373566,51.951,-123.013161,-0.000465,0.226931,0.004647,0.0,0.004647,0.0,0.0,10.0,0.0
1776020643.3936503,51.971,-123.012589,-0.000754,0.368084,0.007544,0.0,0.007544,0.0,0.0,10.0,0.0
1776020643.413771,51.991,-123.012451,-0.000558,0.246096,0.005578,0.0,0.005578,0.0,0.0,10.0,0.0
1776020643.4332478,52.011,-123.012451,-0.001466,0.24532,0.014663,0.0,0.014663,0.0,0.0,10.0,0.0
1776020643.453526,52.031,-123.009735,-0.000857,0.072758,0.008573,0.0,0.008573,0.0,0.0,10.0,0.0
1776020643.4735115,52.051,-123.01268,-0.000618,-0.00998,0.006176,0.0,0.006176,0.0,0.0,10.0,0.0
1776020643.4937267,52.071,-123.010269,-0.000215,-0.097451,0.002152,0.0,0.002152,0.0,0.0,10.0,0.0
1776020643.5133066,52.091,-123.009613,-0.00013,-0.209014,0.001301,0.0,0.001301,0.0,0.0,10.0,0.0
1776020643.5335228,52.111,-123.008507,0.000109,-0.251152,-0.001093,0.0,-0.001093,0.0,0.0,10.0,0.0
1776020643.5535338,52.131,-123.011086,0.000883,-0.19891,-0.008827,0.0,-0.008827,0.0,0.0,10.0,0.0
1776020643.573261,52.151,-123.010551,0.000711,-0.025344,-0.007113,0.0,-0.007113,0.0,0.0,10.0,0.0
1776020643.5935624,52.171,-123.011986,0.000519,0.005681,-0.005185,0.0,-0.005185,0.0,0.0,10.0,0.0
1776020643.6131897,52.191,-123.01152,6e-06,0.049677,-5.7e-05,0.0,-5.7e-05,0.0,0.0,10.0,0.0
1776020643.633202,52.211,-123.011826,0.000648,0.043325,-0.00648,0.0,-0.00648,0.0,0.0,10.0,0.0
1776020643.6534586,52.231,-123.012001,-0.000101,0.108852,0.001011,0.0,0.001011,0.0,0.0,10.0,0.0
1776020643.6732175,52.251,-123.009827,-0.0002,0.097436,0.001999,0.0,0.001999,0.0,0.0,10.0,0.0
1776020643.6935005,52.271,-123.009758,-0.00035,0.175878,0.003496,0.0,0.003496,0.0,0.0,10.0,0.0
1776020643.7135575,52.291,-123.010857,-0.000294,0.059264,0.00294,0.0,0.00294,0.0,0.0,10.0,0.0
1776020643.7332895,52.311,-123.012863,-0.000776,0.119552,0.007761,0.0,0.007761,0.0,0.0,10.0,0.0
1776020643.7535486,52.331,-123.012421,-0.000561,0.041909,0.005612,0.0,0.005612,0.0,0.0,10.0,0.0
1776020643.7732604,52.351,-123.014252,-0.001018,0.144513,0.01018,0.0,0.01018,0.0,0.0,10.0,0.0
1776020643.7935314,52.371,-123.011688,-0.00074,0.078159,0.007403,0.0,0.007403,0.0,0.0,10.0,0.0
1776020643.8138034,52.391,-123.012794,0.000524,-0.265184,-0.005244,0.0,-0.005244,0.0,0.0,10.0,0.0
1776020643.8335912,52.411,-123.011467,0.000306,-0.25118,-0.003062,0.0,-0.003062,0.0,0.0,10.0,0.0
1776020643.8535419,52.431,-123.012436,-0.000671,0.062323,0.006713,0.0,0.006713,0.0,0.0,10.0,0.0
1776020643.873519,52.451,-123.009773,0.000144,0.031741,-0.001436,0.0,-0.001436,0.0,0.0,10.0,0.0
1776020643.8936915,52.471,-123.010117,0.000582,-0.084261,-0.005823,0.0,-0.005823,0.0,0.0,10.0,0.0
1776020643.9135187,52.491,-123.009392,0.000455,-0.160059,-0.004549,0.0,-0.004549,0.0,0.0,10.0,0.0
1776020643.9335241,52.511,-123.010864,0.000898,-0.143546,-0.008979,0.0,-0.008979,0.0,0.0,10.0,0.0
1776020643.9535627,52.531,-123.011238,0.000463,-0.163211,-0.004634,0.0,-0.004634,0.0,0.0,10.0,0.0
1776020643.9730823,52.551,-123.012177,0.000719,-0.20876,-0.007193,0.0,-0.007193,0.0,0.0,10.0,0.0
1776020643.9933689,52.571,-123.013039,0.000458,-0.082153,-0.004584,0.0,-0.004584,0.0,0.0,10.0,0.0
1776020644.0133955,52.591,-123.013573,0.000988,-0.131801,-0.009884,0.0,-0.009884,0.0,0.0,10.0,0.0
1776020644.0339456,52.611,-123.01342,-0.000566,0.11997,0.00566,0.0,0.00566,0.0,0.0,10.0,0.0
1776020644.0535433,52.631,-123.013573,0.000499,-0.101199,-0.004994,0.0,-0.004994,0.0,0.0,10.0,0.0
1776020644.0734804,52.651,-123.017273,-0.000499,0.137562,0.004991,0.0,0.004991,0.0,0.0,10.0,0.0
1776020644.0935166,52.671,-123.015991,8.1e-05,0.175136,-0.000813,0.0,-0.000813,0.0,0.0,10.0,0.0
1776020644.1143742,52.691,-123.015129,-0.000613,0.136509,0.00613,0.0,0.00613,0.0,0.0,10.0,0.0
1776020644.1335654,52.711,-123.014282,-0.000346,-0.061098,0.003457,0.0,0.003457,0.0,0.0,10.0,0.0
1776020644.1535034,52.731,-123.015488,-1.6e-05,-0.072164,0.000163,0.0,0.000163,0.0,0.0,10.0,0.0
1776020644.1735256,52.751,-123.016373,0.000569,-0.10445,-0.005688,0.0,-0.005688,0.0,0.0,10.0,0.0
1776020644.1936262,52.771,-123.018379,-0.000534,0.062705,0.005336,0.0,0.005336,0.0,0.0,10.0,0.0
1776020644.2135167,52.791,-123.017082,0.000346,0.053579,-0.003456,0.0,-0.003456,0.0,0.0,10.0,0.0
1776020644.233213,52.811,-123.018684,0.001185,-0.030073,-0.011847,0.0,-0.011847,0.0,0.0,10.0,0.0
1776020644.2535424,52.831,-123.016724,0.001034,0.004686,-0.010339,0.0,-0.010339,0.0,0.0,10.0,0.0
1776020644.2738853,52.851,-123.01696,0.001683,-0.109871,-0.016834,0.0,-0.016834,0.0,0.0,10.0,0.0
1776020644.2935789,52.871,-123.016151,0.000647,-0.082374,-0.006472,0.0,-0.006472,0.0,0.0,10.0,0.0
1776020644.3135607,52.891,-123.014771,0.000733,-0.153635,-0.007331,0.0,-0.007331,0.0,0.0,10.0,0.0
1776020644.3335094,52.911,-123.014488,0.000657,-0.106511,-0.006569,0.0,-0.006569,0.0,0.0,10.0,0.0
1776020644.3537924,52.931,-123.014557,-0.000526,0.152509,0.005262,0.0,0.005262,0.0,0.0,10.0,0.0
1776020644.3739173,52.951,-123.015816,0.000192,-0.016748,-0.001921,0.0,-0.001921,0.0,0.0,10.0,0.0
1776020644.3934927,52.971,-123.013924,5.1e-05,-0.052074,-0.00051,0.0,-0.00051,0.0,0.0,10.0,0.0
1776020644.4135242,52.991,-123.014076,2.8e-05,-0.080638,-0.000276,0.0,-0.000276,0.0,0.0,10.0,0.0
1776020644.433859,53.011,-123.01342,0.000315,-0.133372,-0.00315,0.0,-0.00315,0.0,0.0,10.0,0.0
1776020644.4535236,53.031,-123.013573,0.000395,-0.061066,-0.003946,0.0,-0.003946,0.0,0.0,10.0,0.0
1776020644.473519,53.051,-123.010597,-2.8e-05,0.006105,0.000276,0.0,0.000276,0.0,0.0,10.0,0.0
1776020644.4935422,53.071,-123.011139,-0.000467,0.201113,0.004668,0.0,0.004668,0.0,0.0,10.0,0.0
1776020644.5143812,53.091,-123.00856,0.000279,0.096598,-0.002788,0.0,-0.002788,0.0,0.0,10.0,0.0
1776020644.5335155,53.111,-123.009583,0.000783,-0.012948,-0.00783,0.0,-0.00783,0.0,0.0,10.0,0.0
1776020644.5535638,53.131,-123.008804,0.000527,-0.152004,-0.005268,0.0,-0.005268,0.0,0.0,10.0,0.0
1776020644.574747,53.151,-123.01001,-0.000205,-0.011645,0.002047,0.0,0.002047,0.0,0.0,10.0,0.0
1776020644.593525,53.171,-123.010292,0.001836,-0.238188,-0.018358,0.0,-0.018358,0.0,0.0,10.0,0.0
1776020644.6135232,53.191,-123.011589,0.000411,-0.083083,-0.004114,0.0,-0.004114,0.0,0.0,10.0,0.0
1776020644.6335607,53.211,-123.012123,4.4e-05,-0.0377,-0.000441,0.0,-0.000441,0.0,0.0,10.0,0.0
1776020644.6540973,53.231,-123.010658,-0.000223,0.1242,0.002234,0.0,0.002234,0.0,0.0,10.0,0.0
1776020644.6735392,53.251,-123.010658,4e-06,0.020825,-4.5e-05,0.0,-4.5e-05,0.0,0.0,10.0,0.0
1776020644.6934726,53.271,-123.009979,-0.000368,-0.024808,0.003681,0.0,0.003681,0.0,0.0,10.0,0.0
1776020644.7135286,53.291,-123.011314,0.000481,-0.261056,-0.004812,0.0,-0.004812,0.0,0.0,10.0,0.0
1776020644.7341573,53.311,-123.01178,-0.000485,-0.029901,0.004847,0.0,0.004847,0.0,0.0,10.0,0.0
1776020644.7539127,53.331,-123.012436,-0.000297,0.114914,0.002967,0.0,0.002967,0.0,0.0,10.0,0.0
1776020644.7735186,53.351,-123.012901,0.000437,-0.07996,-0.004373,0.0,-0.004373,0.0,0.0,10.0,0.0
1776020644.7934878,53.371,-123.015419,-0.000674,0.095883,0.006738,0.0,0.006738,0.0,0.0,10.0,0.0
1776020644.8143926,53.391,-123.015335,0.000171,0.089547,-0.001706,0.0,-0.001706,0.0,0.0,10.0,0.0
1776020644.8335576,53.411,-123.01535,0.001026,-0.208522,-0.010257,0.0,-0.010257,0.0,0.0,10.0,0.0
1776020644.853522,53.431,-123.012917,0.001324,-0.202669,-0.013236,0.0,-0.013236,0.0,0.0,10.0,0.0
1776020644.8739085,53.451,-123.014229,0.001042,-0.003224,-0.010425,0.0,-0.010425,0.0,0.0,10.0,0.0
1776020644.8937495,53.471,-123.01178,0.00053,0.032896,-0.005301,0.0,-0.005301,0.0,0.0,10.0,0.0
1776020644.9135253,53.491,-123.012695,0.00061,-0.042088,-0.006105,0.0,-0.006105,0.0,0.0,10.0,0.0
1776020644.933501,53.511,-123.013008,0.001349,-0.136675,-0.013485,0.0,-0.013485,0.0,0.0,10.0,0.0
1776020644.953518,53.531,-123.013069,0.000257,0.007462,-0.002574,0.0,-0.002574,0.0,0.0,10.0,0.0
1776020644.9743266,53.551,-123.013832,0.00017,0.053402,-0.001703,0.0,-0.001703,0.0,0.0,10.0,0.0
1776020644.9935026,53.571,-123.01458,-0.000101,-0.028781,0.001011,0.0,0.001011,0.0,0.0,10.0,0.0
1776020645.013382,53.591,-123.015854,-0.000291,-0.067047,0.002908,0.0,0.002908,0.0,0.0,10.0,0.0
1776020645.0332425,53.611,-123.0149,0.000238,-0.101353,-0.002379,0.0,-0.002379,0.0,0.0,10.0,0.0
1776020645.0531158,53.631,-123.016006,2.4e-05,-0.034304,-0.000236,0.0,-0.000236,0.0,0.0,10.0,0.0
1776020645.0734901,53.651,-123.014381,-0.000393,0.081038,0.003931,0.0,0.003931,0.0,0.0,10.0,0.0
1776020645.0937204,53.671,-123.016083,-0.000119,-0.005207,0.001192,0.0,0.001192,0.0,0.0,10.0,0.0
1776020645.113539,53.691,-123.014183,0.000352,-0.100103,-0.003519,0.0,-0.003519,0.0,0.0,10.0,0.0
1776020645.1339579,53.711,-123.01606,-0.00034,0.070577,0.003398,0.0,0.003398,0.0,0.0,10.0,0.0
1776020645.153515,53.731,-123.015022,0.001101,-0.122998,-0.011014,0.0,-0.011014,0.0,0.0,10.0,0.0
1776020645.173506,53.751,-123.015755,0.00024,-0.130524,-0.0024,0.0,-0.0024,0.0,0.0,10.0,0.0
1776020645.1935308,53.771,-123.012741,0.000384,0.016309,-0.003844,0.0,-0.003844,0.0,0.0,10.0,0.0
1776020645.213764,53.791,-123.013329,0.00073,-0.089714,-0.007297,0.0,-0.007297,0.0,0.0,10.0,0.0
1776020645.2335165,53.811,-123.012466,0.000538,-0.096354,-0.005385,0.0,-0.005385,0.0,0.0,10.0,0.0
1776020645.2535217,53.831,-123.011375,0.000462,-0.150832,-0.004619,0.0,-0.004619,0.0,0.0,10.0,0.0
1776020645.273496,53.851,-123.00972,0.000434,-0.168617,-0.004343,0.0,-0.004343,0.0,0.0,10.0,0.0
1776020645.2943263,53.871,-123.007286,0.000651,-0.152911,-0.006505,0.0,-0.006505,0.0,0.0,10.0,0.0
1776020645.3135347,53.891,-123.006348,0.000723,-0.076771,-0.007226,0.0,-0.007226,0.0,0.0,10.0,0.0
1776020645.3335636,53.911,-123.005058,-5.7e-05,0.064015,0.000572,0.0,0.000572,0.0,0.0,10.0,0.0
1776020645.3536627,53.931,-123.004608,0.00027,0.042102,-0.002702,0.0,-0.002702,0.0,0.0,10.0,0.0
1776020645.373702,53.951,-123.004311,-0.000119,0.010335,0.001195,0.0,0.001195,0.0,0.0,10.0,0.0
1776020645.3936598,53.971,-123.005157,0.00014,0.057371,-0.001401,0.0,-0.001401,0.0,0.0,10.0,0.0
1776020645.4135916,53.991,-123.003532,-0.000735,0.227362,0.007348,0.0,0.007348,0.0,0.0,10.0,0.0
1776020645.4335022,54.011,-123.004295,-0.0004,0.185021,0.003995,0.0,0.003995,0.0,0.0,10.0,0.0
1776020645.4538217,54.031,-123.002235,-0.000273,0.11539,0.002728,0.0,0.002728,0.0,0.0,10.0,0.0
1776020645.4732683,54.051,-123.002136,-0.000224,0.188865,0.00224,0.0,0.00224,0.0,0.0,10.0,0.0
1776020645.4935462,54.071,-122.99958,0.000444,-0.0729,-0.004444,0.0,-0.004444,0.0,0.0,10.0,0.0
1776020645.513627,54.091,-123.001167,-0.000221,-0.031133,0.002207,0.0,0.002207,0.0,0.0,10.0,0.0
1776020645.534233,54.111,-122.998543,0.000363,0.029194,-0.003628,0.0,-0.003628,0.0,0.0,10.0,0.0
1776020645.5535948,54.131,-123.000282,0.000386,-0.004613,-0.003859,0.0,-0.003859,0.0,0.0,10.0,0.0
1776020645.573524,54.151,-122.99987,0.001212,-0.149126,-0.012119,0.0,-0.012119,0.0,0.0,10.0,0.0
1776020645.5935063,54.171,-122.998657,0.000684,-0.18737,-0.006837,0.0,-0.006837,0.0,0.0,10.0,0.0
1776020645.6135137,54.191,-122.99736,-0.000553,0.045416,0.005531,0.0,0.005531,0.0,0.0,10.0,0.0
1776020645.633487,54.211,-122.996292,0.001051,-0.165544,-0.010507,0.0,-0.010507,0.0,0.0,10.0,0.0
1776020645.6534748,54.231,-122.996262,-0.000661,0.087556,0.006608,0.0,0.006608,0.0,0.0,10.0,0.0
1776020645.6737843,54.251,-122.994492,-0.00018,0.132239,0.001798,0.0,0.001798,0.0,0.0,10.0,0.0
1776020645.6934857,54.271,-122.995552,-0.000994,0.078781,0.00994,0.0,0.00994,0.0,0.0,10.0,0.0
1776020645.7135122,54.291,-122.994011,-0.000377,-0.086088,0.003773,0.0,0.003773,0.0,0.0,10.0,0.0
1776020645.733638,54.311,-122.995552,-0.000492,-0.073877,0.004916,0.0,0.004916,0.0,0.0,10.0,0.0
1776020645.7539914,54.331,-122.993355,0.000279,-0.131126,-0.002786,0.0,-0.002786,0.0,0.0,10.0,0.0
1776020645.7735448,54.351,-122.994621,-0.001271,0.183437,0.012714,0.0,0.012714,0.0,0.0,10.0,0.0
1776020645.7932823,54.371,-122.992096,0.00046,-0.005927,-0.004603,0.0,-0.004603,0.0,0.0,10.0,0.0
1776020645.8134885,54.391,-122.992355,2.6e-05,-0.116228,-0.000264,0.0,-0.000264,0.0,0.0,10.0,0.0
1776020645.8340905,54.411,-122.992302,0.000557,-0.153339,-0.005572,0.0,-0.005572,0.0,0.0,10.0,0.0
1776020645.8531713,54.431,-122.993515,0.000931,-0.139763,-0.009307,0.0,-0.009307,0.0,0.0,10.0,0.0
1776020645.8735485,54.451,-122.989983,0.001408,-0.459813,-0.01408,0.0,-0.01408,0.0,0.0,10.0,0.0
1776020645.8934965,54.471,-122.990379,0.001252,-0.362526,-0.012517,0.0,-0.012517,0.0,0.0,10.0,0.0
1776020645.913854,54.491,-122.991196,0.00043,-0.048792,-0.004295,0.0,-0.004295,0.0,0.0,10.0,0.0
1776020645.9336476,54.511,-122.991005,-0.000456,0.249965,0.004559,0.0,0.004559,0.0,0.0,10.0,0.0
1776020645.9535387,54.531,-122.98967,0.000416,0.161963,-0.004159,0.0,-0.004159,0.0,0.0,10.0,0.0
1776020645.973974,54.551,-122.987511,0.000425,0.114397,-0.004251,0.0,-0.004251,0.0,0.0,10.0,0.0
1776020645.99302,54.571,-122.987442,-0.001013,0.359783,0.010125,0.0,0.010125,0.0,0.0,10.0,0.0
1776020646.01351,54.591,-122.987686,-0.000736,0.256487,0.007356,0.0,0.007356,0.0,0.0,10.0,0.0
1776020646.0335941,54.611,-122.990639,-0.000779,0.182079,0.007787,0.0,0.007787,0.0,0.0,10.0,0.0
1776020646.0535738,54.631,-122.989532,-0.000732,0.134343,0.007323,0.0,0.007323,0.0,0.0,10.0,0.0
1776020646.073611,54.651,-122.990784,0.001004,-0.215699,-0.010045,0.0,-0.010045,0.0,0.0,10.0,0.0
1776020646.0938337,54.671,-122.991089,0.000358,-0.23843,-0.00358,0.0,-0.00358,0.0,0.0,10.0,0.0
1776020646.11452,54.691,-122.991264,0.00032,-0.305697,-0.003198,0.0,-0.003198,0.0,0.0,10.0,0.0
1776020646.1342652,54.711,-122.989021,0.000375,-0.215064,-0.00375,0.0,-0.00375,0.0,0.0,10.0,0.0
1776020646.1535344,54.731,-122.989845,-0.000165,0.129897,0.00165,0.0,0.00165,0.0,0.0,10.0,0.0
1776020646.1734118,54.751,-122.990242,0.000958,-0.005695,-0.009583,0.0,-0.009583,0.0,0.0,10.0,0.0
1776020646.1931744,54.771,-122.990829,7e-05,0.081306,-0.000703,0.0,-0.000703,0.0,0.0,10.0,0.0
1776020646.2137547,54.791,-122.988586,-0.000137,0.079724,0.001367,0.0,0.001367,0.0,0.0,10.0,0.0
1776020646.2335494,54.811,-122.987915,-3.4e-05,0.121768,0.00034,0.0,0.00034,0.0,0.0,10.0,0.0
1776020646.2535315,54.831,-122.986824,0.000704,-0.039305,-0.007043,0.0,-0.007043,0.0,0.0,10.0,0.0
1776020646.273094,54.851,-122.985992,0.001004,-0.209712,-0.010043,0.0,-0.010043,0.0,0.0,10.0,0.0
1776020646.2937295,54.871,-122.986755,-0.00038,-0.052803,0.003804,0.0,0.003804,0.0,0.0,10.0,0.0
1776020646.314278,54.891,-122.984695,-8e-05,-0.028045,0.000805,0.0,0.000805,0.0,0.0,10.0,0.0
1776020646.3339813,54.911,-122.984718,0.00048,-0.056519,-0.004802,0.0,-0.004802,0.0,0.0,10.0,0.0
1776020646.353625,54.931,-122.983162,1e-06,0.009711,-1.5e-05,0.0,-1.5e-05,0.0,0.0,10.0,0.0
1776020646.3731933,54.951,-122.981537,-0.000476,0.116414,0.004761,0.0,0.004761,0.0,0.0,10.0,0.0
1776020646.3931725,54.971,-122.978462,-0.001217,0.209153,0.012165,0.0,0.012165,0.0,0.0,10.0,0.0
1776020646.4131503,54.991,-122.98008,-0.000216,0.167182,0.002158,0.0,0.002158,0.0,0.0,10.0,0.0
1776020646.4335144,55.011,-122.978127,-0.000408,0.198784,0.004083,0.0,0.004083,0.0,0.0,10.0,0.0
1776020646.4535263,55.031,-122.979095,-0.000532,0.199314,0.005319,0.0,0.005319,0.0,0.0,10.0,0.0
1776020646.4741077,55.051,-122.977493,0.000373,-0.04892,-0.003732,0.0,-0.003732,0.0,0.0,10.0,0.0
1776020646.4940112,55.071,-122.97718,0.001055,-0.371681,-0.010547,0.0,-0.010547,0.0,0.0,10.0,0.0
1776020646.5131083,55.091,-122.975006,0.000792,-0.258219,-0.007919,0.0,-0.007919,0.0,0.0,10.0,0.0
1776020646.5341694,55.111,-122.973137,-9e-05,-0.068516,0.000897,0.0,0.000897,0.0,0.0,10.0,0.0
1776020646.5540676,55.131,-122.972374,-0.000204,0.037894,0.002045,0.0,0.002045,0.0,0.0,10.0,0.0
1776020646.5740938,55.151,-122.970924,0.000215,-0.088191,-0.00215,0.0,-0.00215,0.0,0.0,10.0,0.0
1776020646.5938225,55.171,-122.970352,0.000789,-0.215144,-0.007886,0.0,-0.007886,0.0,0.0,10.0,0.0
1776020646.6141174,55.191,-122.970062,-0.000298,0.058342,0.002975,0.0,0.002975,0.0,0.0,10.0,0.0
1776020646.6337495,55.211,-122.967781,-0.000356,0.152052,0.003558,0.0,0.003558,0.0,0.0,10.0,0.0
1776020646.653491,55.231,-122.965637,-0.000862,0.224553,0.008624,0.0,0.008624,0.0,0.0,10.0,0.0
1776020646.6735375,55.251,-122.966087,0.000108,0.030431,-0.001081,0.0,-0.001081,0.0,0.0,10.0,0.0
1776020646.694307,55.271,-122.966194,-0.000351,0.135231,0.003507,0.0,0.003507,0.0,0.0,10.0,0.0
1776020646.7136722,55.291,-122.966118,-0.000179,0.109811,0.001795,0.0,0.001795,0.0,0.0,10.0,0.0
1776020646.7343192,55.311,-122.964447,-0.000293,-0.119463,0.00293,0.0,0.00293,0.0,0.0,10.0,0.0
1776020646.753521,55.331,-122.966713,-0.000517,-0.009173,0.005174,0.0,0.005174,0.0,0.0,10.0,0.0
1776020646.7736201,55.351,-122.965607,-0.000294,0.037672,0.002944,0.0,0.002944,0.0,0.0,10.0,0.0
1776020646.7934778,55.371,-122.965927,0.00027,-0.015101,-0.002704,0.0,-0.002704,0.0,0.0,10.0,0.0
1776020646.8135147,55.391,-122.963753,-9.4e-05,-0.049268,0.000941,0.0,0.000941,0.0,0.0,10.0,0.0
1776020646.833614,55.411,-122.963959,0.00048,-0.302338,-0.004796,0.0,-0.004796,0.0,0.0,10.0,0.0
1776020646.8535652,55.431,-122.963478,0.000713,-0.235481,-0.007129,0.0,-0.007129,0.0,0.0,10.0,0.0
1776020646.8736005,55.451,-122.961433,0.000507,-0.19816,-0.005074,0.0,-0.005074,0.0,0.0,10.0,0.0
1776020646.893855,55.471,-122.960327,-0.001045,0.306263,0.010446,0.0,0.010446,0.0,0.0,10.0,0.0
1776020646.9137275,55.491,-122.961594,4.6e-05,0.202432,-0.000461,0.0,-0.000461,0.0,0.0,10.0,0.0
1776020646.9336636,55.511,-122.959213,-0.000232,0.116187,0.002317,0.0,0.002317,0.0,0.0,10.0,0.0
1776020646.9540987,55.531,-122.958763,-0.000843,0.244096,0.008426,0.0,0.008426,0.0,0.0,10.0,0.0
1776020646.9740732,55.551,-122.958847,-0.000713,0.150788,0.00713,0.0,0.00713,0.0,0.0,10.0,0.0
1776020646.9935226,55.571,-122.958099,-0.00039,-0.001838,0.003896,0.0,0.003896,0.0,0.0,10.0,0.0
1776020647.0139031,55.591,-122.956963,-0.000746,0.038185,0.007461,0.0,0.007461,0.0,0.0,10.0,0.0
1776020647.03373,55.611,-122.956757,-0.000858,0.059368,0.008579,0.0,0.008579,0.0,0.0,10.0,0.0
1776020647.0534477,55.631,-122.957199,-0.001021,0.248734,0.010209,0.0,0.010209,0.0,0.0,10.0,0.0
1776020647.0735118,55.651,-122.954872,-0.000329,-0.025177,0.003288,0.0,0.003288,0.0,0.0,10.0,0.0
1776020647.0935228,55.671,-122.954597,-0.000147,-0.120492,0.001466,0.0,0.001466,0.0,0.0,10.0,0.0
1776020647.1135597,55.691,-122.951797,-7e-06,-0.014355,6.9e-05,0.0,6.9e-05,0.0,0.0,10.0,0.0
1776020647.1331315,55.711,-122.950607,0.001055,-0.207027,-0.010553,0.0,-0.010553,0.0,0.0,10.0,0.0
1776020647.1535814,55.731,-122.948929,0.00023,-0.145512,-0.002301,0.0,-0.002301,0.0,0.0,10.0,0.0
1776020647.1735413,55.751,-122.948914,0.000533,-0.12696,-0.005328,0.0,-0.005328,0.0,0.0,10.0,0.0
1776020647.1938822,55.771,-122.948524,0.000522,-0.029469,-0.005221,0.0,-0.005221,0.0,0.0,10.0,0.0
1776020647.214154,55.791,-122.950935,0.000418,-0.086797,-0.004178,0.0,-0.004178,0.0,0.0,10.0,0.0
1776020647.2331166,55.811,-122.949547,0.000599,-0.092852,-0.005993,0.0,-0.005993,0.0,0.0,10.0,0.0
1776020647.254191,55.831,-122.947479,-0.000731,0.194641,0.007311,0.0,0.007311,0.0,0.0,10.0,0.0
1776020647.2737546,55.851,-122.945992,-0.000272,0.184475,0.002724,0.0,0.002724,0.0,0.0,10.0,0.0
1776020647.2936056,55.871,-122.944382,-0.000722,0.110665,0.007223,0.0,0.007223,0.0,0.0,10.0,0.0
1776020647.3141143,55.891,-122.944885,-0.000982,0.196463,0.009819,0.0,0.009819,0.0,0.0,10.0,0.0
1776020647.333742,55.911,-122.943619,-0.001736,0.334944,0.01736,0.0,0.01736,0.0,0.0,10.0,0.0
1776020647.3538458,55.931,-122.944847,-0.000886,0.136756,0.008856,0.0,0.008856,0.0,0.0,10.0,0.0
1776020647.3735976,55.951,-122.944054,-0.000456,-0.018368,0.004557,0.0,0.004557,0.0,0.0,10.0,0.0
1776020647.3935406,55.971,-122.945518,-0.000513,-0.112978,0.005128,0.0,0.005128,0.0,0.0,10.0,0.0
1776020647.4140255,55.991,-122.945297,-0.00054,0.062751,0.005399,0.0,0.005399,0.0,0.0,10.0,0.0
1776020647.4336746,56.011,-122.946815,-0.000926,0.274269,0.00926,0.0,0.00926,0.0,0.0,10.0,0.0
1776020647.4535177,56.031,-122.944969,-0.000591,0.001316,0.005906,0.0,0.005906,0.0,0.0,10.0,0.0
1776020647.474063,56.051,-122.945587,0.001059,-0.32654,-0.010594,0.0,-0.010594,0.0,0.0,10.0,0.0
1776020647.494005,56.071,-122.944534,4.9e-05,-0.189207,-0.000487,0.0,-0.000487,0.0,0.0,10.0,0.0
1776020647.5148609,56.091,-122.946022,0.000133,-0.203349,-0.001332,0.0,-0.001332,0.0,0.0,10.0,0.0
1776020647.5335114,56.111,-122.943291,0.000473,-0.149225,-0.004732,0.0,-0.004732,0.0,0.0,10.0,0.0
1776020647.5542667,56.131,-122.942169,0.000579,-0.036421,-0.005787,0.0,-0.005787,0.0,0.0,10.0,0.0
1776020647.5738096,56.151,-122.941788,-0.00013,0.223559,0.001305,0.0,0.001305,0.0,0.0,10.0,0.0
1776020647.5941758,56.171,-122.940559,-0.000572,0.335523,0.005715,0.0,0.005715,0.0,0.0,10.0,0.0
1776020647.6140714,56.191,-122.938347,-0.000469,0.16669,0.004693,0.0,0.004693,0.0,0.0,10.0,0.0
1776020647.6336627,56.211,-122.936142,0.000137,0.071896,-0.001374,0.0,-0.001374,0.0,0.0,10.0,0.0
1776020647.6543565,56.231,-122.935478,-0.001002,0.217692,0.01002,0.0,0.01002,0.0,0.0,10.0,0.0
1776020647.6741877,56.251,-122.933655,-0.000607,0.103981,0.006075,0.0,0.006075,0.0,0.0,10.0,0.0
1776020647.693369,56.271,-122.934769,-0.000308,0.071351,0.003078,0.0,0.003078,0.0,0.0,10.0,0.0
1776020647.7132323,56.291,-122.93306,-0.000475,-0.051179,0.004747,0.0,0.004747,0.0,0.0,10.0,0.0
1776020647.7340138,56.311,-122.935677,-0.000408,-0.028358,0.004076,0.0,0.004076,0.0,0.0,10.0,0.0
1776020647.7532105,56.331,-122.933197,-0.000101,0.006758,0.001006,0.0,0.001006,0.0,0.0,10.0,0.0
1776020647.7730815,56.351,-122.933647,0.000215,-0.141868,-0.002149,0.0,-0.002149,0.0,0.0,10.0,0.0
1776020647.7945535,56.371,-122.931503,1.9e-05,-0.028212,-0.000194,0.0,-0.000194,0.0,0.0,10.0,0.0
1776020647.8136156,56.391,-122.932442,0.000334,0.024757,-0.003343,0.0,-0.003343,0.0,0.0,10.0,0.0
1776020647.8337424,56.411,-122.930992,0.000779,-0.21702,-0.007794,0.0,-0.007794,0.0,0.0,10.0,0.0
1776020647.8537436,56.431,-122.930138,0.00052,-0.31074,-0.005202,0.0,-0.005202,0.0,0.0,10.0,0.0
1776020647.8735144,56.451,-122.930145,-0.000381,0.067132,0.003812,0.0,0.003812,0.0,0.0,10.0,0.0
1776020647.893961,56.471,-122.925735,-6.4e-05,0.083286,0.000636,0.0,0.000636,0.0,0.0,10.0,0.0
1776020647.9135325,56.491,-122.923836,-0.000341,0.103597,0.003411,0.0,0.003411,0.0,0.0,10.0,0.0
1776020647.9339745,56.511,-122.923225,-0.00049,0.133557,0.004899,0.0,0.004899,0.0,0.0,10.0,0.0
1776020647.95354,56.531,-122.922318,-0.00136,0.251639,0.013602,0.0,0.013602,0.0,0.0,10.0,0.0
1776020647.9733925,56.551,-122.921021,-0.001473,0.313673,0.014726,0.0,0.014726,0.0,0.0,10.0,0.0
1776020647.9937313,56.571,-122.922379,-0.000519,0.199523,0.005193,0.0,0.005193,0.0,0.0,10.0,0.0
1776020648.0141046,56.591,-122.921471,-5.1e-05,-0.159204,0.000511,0.0,0.000511,0.0,0.0,10.0,0.0
1776020648.0343134,56.611,-122.919769,-0.001564,0.12652,0.015635,0.0,0.015635,0.0,0.0,10.0,0.0
1776020648.0539627,56.631,-122.916283,-0.000927,0.168028,0.009269,0.0,0.009269,0.0,0.0,10.0,0.0
1776020648.0736012,56.651,-122.91526,0.001093,-0.193536,-0.010927,0.0,-0.010927,0.0,0.0,10.0,0.0
1776020648.0936966,56.671,-122.913193,0.000447,-0.277315,-0.004466,0.0,-0.004466,0.0,0.0,10.0,0.0
1776020648.1139636,56.691,-122.915695,0.000162,-0.185452,-0.001617,0.0,-0.001617,0.0,0.0,10.0,0.0
1776020648.1339252,56.711,-122.913948,-0.000547,0.108443,0.005473,0.0,0.005473,0.0,0.0,10.0,0.0
1776020648.1535592,56.731,-122.914619,0.000285,0.135553,-0.002848,0.0,-0.002848,0.0,0.0,10.0,0.0
1776020648.1735895,56.751,-122.912857,0.000223,-0.005658,-0.002234,0.0,-0.002234,0.0,0.0,10.0,0.0
1776020648.1941965,56.771,-122.913498,0.000244,-0.10444,-0.00244,0.0,-0.00244,0.0,0.0,10.0,0.0
1776020648.2139351,56.791,-122.913536,8.6e-05,-0.041762,-0.000859,0.0,-0.000859,0.0,0.0,10.0,0.0
1776020648.2335024,56.811,-122.914627,0.000138,-0.090042,-0.001376,0.0,-0.001376,0.0,0.0,10.0,0.0
1776020648.254425,56.831,-122.915398,-0.000127,-0.110026,0.001269,0.0,0.001269,0.0,0.0,10.0,0.0
1776020648.2737718,56.851,-122.914505,-0.00103,0.131197,0.0103,0.0,0.0103,0.0,0.0,10.0,0.0
1776020648.2937405,56.871,-122.914642,-0.000124,0.035012,0.001242,0.0,0.001242,0.0,0.0,10.0,0.0
1776020648.3147564,56.891,-122.913246,-0.001171,0.167759,0.011709,0.0,0.011709,0.0,0.0,10.0,0.0
1776020648.3338566,56.911,-122.914276,-0.00061,0.097586,0.006097,0.0,0.006097,0.0,0.0,10.0,0.0
1776020648.3544033,56.931,-122.914055,-0.000523,0.103111,0.005226,0.0,0.005226,0.0,0.0,10.0,0.0
1776020648.3740795,56.951,-122.913307,-0.000708,0.149178,0.007082,0.0,0.007082,0.0,0.0,10.0,0.0
1776020648.3935435,56.971,-122.91169,-0.001041,0.059566,0.010413,0.0,0.010413,0.0,0.0,10.0,0.0
1776020648.4136214,56.991,-122.912346,0.000488,-0.183486,-0.004885,0.0,-0.004885,0.0,0.0,10.0,0.0
1776020648.435001,57.011,-122.911339,8.3e-05,-0.046904,-0.000833,0.0,-0.000833,0.0,0.0,10.0,0.0
1776020648.4540842,57.031,-122.913208,0.000315,0.017735,-0.003152,0.0,-0.003152,0.0,0.0,10.0,0.0
1776020648.4735703,57.051,-122.912254,0.000695,-0.188654,-0.006946,0.0,-0.006946,0.0,0.0,10.0,0.0
1776020648.493609,57.071,-122.913033,0.0003,-0.055854,-0.003003,0.0,-0.003003,0.0,0.0,10.0,0.0
1776020648.5143862,57.091,-122.912827,6.6e-05,0.172811,-0.000664,0.0,-0.000664,0.0,0.0,10.0,0.0
1776020648.5335095,57.111,-122.913193,0.000341,0.161283,-0.003406,0.0,-0.003406,0.0,0.0,10.0,0.0
1776020648.5534973,57.131,-122.913521,0.000181,0.060068,-0.001815,0.0,-0.001815,0.0,0.0,10.0,0.0
1776020648.5740347,57.151,-122.912773,0.000439,-0.091388,-0.004386,0.0,-0.004386,0.0,0.0,10.0,0.0
1776020648.594144,57.171,-122.912895,-0.000396,0.010939,0.00396,0.0,0.00396,0.0,0.0,10.0,0.0
1776020648.613787,57.191,-122.913399,0.000463,-0.130078,-0.00463,0.0,-0.00463,0.0,0.0,10.0,0.0
1776020648.633774,57.211,-122.913826,-0.000581,0.029571,0.005806,0.0,0.005806,0.0,0.0,10.0,0.0
1776020648.6535091,57.231,-122.914108,-0.001249,0.199604,0.01249,0.0,0.01249,0.0,0.0,10.0,0.0
1776020648.6742492,57.251,-122.91407,-0.000353,0.041844,0.003525,0.0,0.003525,0.0,0.0,10.0,0.0
1776020648.6940916,57.271,-122.913193,-0.000242,0.10558,0.00242,0.0,0.00242,0.0,0.0,10.0,0.0
1776020648.713599,57.291,-122.915337,-8.7e-05,-0.06624,0.00087,0.0,0.00087,0.0,0.0,10.0,0.0
1776020648.7336323,57.311,-122.913773,-0.001099,0.182315,0.010987,0.0,0.010987,0.0,0.0,10.0,0.0
1776020648.7548678,57.331,-122.913849,-0.000381,0.154739,0.003812,0.0,0.003812,0.0,0.0,10.0,0.0
1776020648.773588,57.351,-122.913467,0.00071,-0.06002,-0.007103,0.0,-0.007103,0.0,0.0,10.0,0.0
1776020648.7943923,57.371,-122.914764,0.000685,-0.079308,-0.006848,0.0,-0.006848,0.0,0.0,10.0,0.0
1776020648.8135493,57.391,-122.912865,0.000322,-0.09873,-0.003217,0.0,-0.003217,0.0,0.0,10.0,0.0
1776020648.8339572,57.411,-122.913704,0.000727,-0.198637,-0.007271,0.0,-0.007271,0.0,0.0,10.0,0.0
1776020648.8536441,57.431,-122.913277,0.000903,-0.296104,-0.009034,0.0,-0.009034,0.0,0.0,10.0,0.0
1776020648.873992,57.451,-122.913033,0.000979,-0.169871,-0.009788,0.0,-0.009788,0.0,0.0,10.0,0.0
1776020648.893615,57.471,-122.91333,-0.000507,0.127572,0.005071,0.0,0.005071,0.0,0.0,10.0,0.0
1776020648.913522,57.491,-122.913208,0.000151,0.084214,-0.001507,0.0,-0.001507,0.0,0.0,10.0,0.0
1776020648.933496,57.511,-122.913315,-0.000176,0.18012,0.001762,0.0,0.001762,0.0,0.0,10.0,0.0
1776020648.9542363,57.531,-122.911392,-7.6e-05,-0.033263,0.000759,0.0,0.000759,0.0,0.0,10.0,0.0
1776020648.974145,57.551,-122.91243,-0.000133,0.041657,0.001328,0.0,0.001328,0.0,0.0,10.0,0.0
1776020648.9938838,57.571,-122.913277,-0.00133,0.19849,0.013296,0.0,0.013296,0.0,0.0,10.0,0.0
1776020649.0134988,57.591,-122.912483,0.000321,-0.159824,-0.003212,0.0,-0.003212,0.0,0.0,10.0,0.0
1776020649.0332723,57.611,-122.908745,-0.00045,-0.036024,0.0045,0.0,0.0045,0.0,0.0,10.0,0.0
1776020649.0538106,57.631,-122.909836,0.000248,-0.207396,-0.002476,0.0,-0.002476,0.0,0.0,10.0,0.0
1776020649.07345,57.651,-122.90873,-0.000539,0.043584,0.005393,0.0,0.005393,0.0,0.0,10.0,0.0
1776020649.09317,57.671,-122.909332,0.000539,-0.161115,-0.005393,0.0,-0.005393,0.0,0.0,10.0,0.0
1776020649.1135209,57.691,-122.908165,0.000949,-0.120108,-0.009486,0.0,-0.009486,0.0,0.0,10.0,0.0
1776020649.1331935,57.711,-122.908295,0.000338,0.108648,-0.003382,0.0,-0.003382,0.0,0.0,10.0,0.0
1776020649.1537106,57.731,-122.908936,0.001219,-0.045265,-0.012186,0.0,-0.012186,0.0,0.0,10.0,0.0
1776020649.1739316,57.751,-122.908752,0.000676,-0.06147,-0.00676,0.0,-0.00676,0.0,0.0,10.0,0.0
1776020649.19354,57.771,-122.908752,0.000218,-0.039291,-0.002178,0.0,-0.002178,0.0,0.0,10.0,0.0
1776020649.2131748,57.791,-122.908867,0.000131,0.025107,-0.001314,0.0,-0.001314,0.0,0.0,10.0,0.0
1776020649.233473,57.811,-122.909531,-0.000405,0.13255,0.004052,0.0,0.004052,0.0,0.0,10.0,0.0
1776020649.2540355,57.831,-122.908577,-0.000174,0.020635,0.00174,0.0,0.00174,0.0,0.0,10.0,0.0
1776020649.273803,57.851,-122.910439,0.0004,-0.18683,-0.004001,0.0,-0.004001,0.0,0.0,10.0,0.0
1776020649.2936225,57.871,-122.909874,2.6e-05,-0.020882,-0.00026,0.0,-0.00026,0.0,0.0,10.0,0.0
1776020649.3137355,57.891,-122.909477,-0.000433,0.129967,0.004329,0.0,0.004329,0.0,0.0,10.0,0.0
1776020649.3337555,57.911,-122.909836,-0.001062,0.285637,0.010616,0.0,0.010616,0.0,0.0,10.0,0.0
1776020649.3535056,57.931,-122.912079,0.000197,-0.095673,-0.001966,0.0,-0.001966,0.0,0.0,10.0,0.0
1776020649.3740222,57.951,-122.908699,-0.000177,0.023601,0.001769,0.0,0.001769,0.0,0.0,10.0,0.0
1776020649.3942983,57.971,-122.909004,0.000934,-0.078434,-0.009345,0.0,-0.009345,0.0,0.0,10.0,0.0
1776020649.4141061,57.991,-122.908264,-4.5e-05,0.042135,0.000451,0.0,0.000451,0.0,0.0,10.0,0.0
1776020649.4335535,58.011,-122.90966,0.001073,-0.253352,-0.010733,0.0,-0.010733,0.0,0.0,10.0,0.0
1776020649.453595,58.031,-122.909767,-1.3e-05,-0.012931,0.000127,0.0,0.000127,0.0,0.0,10.0,0.0
1776020649.4742851,58.051,-122.909081,0.001029,-0.251009,-0.010288,0.0,-0.010288,0.0,0.0,10.0,0.0
1776020649.4939606,58.071,-122.908821,0.001044,-0.175812,-0.010435,0.0,-0.010435,0.0,0.0,10.0,0.0
1776020649.513926,58.091,-122.909195,0.001943,-0.389525,-0.019428,0.0,-0.019428,0.0,0.0,10.0,0.0
1776020649.5338824,58.111,-122.909386,-1.5e-05,-0.150598,0.000151,0.0,0.000151,0.0,0.0,10.0,0.0
1776020649.5539842,58.131,-122.908577,0.001014,-0.235886,-0.010144,0.0,-0.010144,0.0,0.0,10.0,0.0
1776020649.5734925,58.151,-122.908035,0.000534,-0.045475,-0.005343,0.0,-0.005343,0.0,0.0,10.0,0.0
1776020649.5939085,58.171,-122.908142,-0.000499,0.313674,0.00499,0.0,0.00499,0.0,0.0,10.0,0.0
1776020649.6141188,58.191,-122.907837,-0.000753,0.321508,0.007531,0.0,0.007531,0.0,0.0,10.0,0.0
1776020649.6336877,58.211,-122.905205,-0.000176,0.199169,0.001756,0.0,0.001756,0.0,0.0,10.0,0.0
1776020649.6530244,58.231,-122.90522,0.000401,-0.046802,-0.004007,0.0,-0.004007,0.0,0.0,10.0,0.0
1776020649.6735246,58.251,-122.904251,0.000161,-0.096423,-0.001609,0.0,-0.001609,0.0,0.0,10.0,0.0
1776020649.6935759,58.271,-122.905807,3.9e-05,-0.129929,-0.000394,0.0,-0.000394,0.0,0.0,10.0,0.0
1776020649.713391,58.291,-122.904617,-6e-05,0.021923,0.000597,0.0,0.000597,0.0,0.0,10.0,0.0
1776020649.7339025,58.311,-122.905434,0.000859,-0.206074,-0.008594,0.0,-0.008594,0.0,0.0,10.0,0.0
1776020649.753472,58.331,-122.904671,0.000902,-0.120037,-0.009017,0.0,-0.009017,0.0,0.0,10.0,0.0
1776020649.774702,58.351,-122.904152,-0.000274,0.037724,0.00274,0.0,0.00274,0.0,0.0,10.0,0.0
1776020649.7932582,58.371,-122.904861,0.000881,0.091392,-0.00881,0.0,-0.00881,0.0,0.0,10.0,0.0
1776020649.8136873,58.391,-122.906067,0.001135,-0.125155,-0.011345,0.0,-0.011345,0.0,0.0,10.0,0.0
1776020649.8335035,58.411,-122.904793,0.00015,-0.046409,-0.001504,0.0,-0.001504,0.0,0.0,10.0,0.0
1776020649.8534849,58.431,-122.903526,-4e-06,0.000603,4.3e-05,0.0,4.3e-05,0.0,0.0,10.0,0.0
1776020649.8742032,58.451,-122.902359,0.000451,-0.18772,-0.004506,0.0,-0.004506,0.0,0.0,10.0,0.0
1776020649.8942971,58.471,-122.902008,0.000172,0.04187,-0.001721,0.0,-0.001721,0.0,0.0,10.0,0.0
1776020649.9135334,58.491,-122.901505,0.000278,0.071773,-0.002778,0.0,-0.002778,0.0,0.0,10.0,0.0
1776020649.9336472,58.511,-122.90004,-0.000573,0.145739,0.005729,0.0,0.005729,0.0,0.0,10.0,0.0
1776020649.954152,58.531,-122.902679,-0.000212,-0.004028,0.002122,0.0,0.002122,0.0,0.0,10.0,0.0
1776020649.9734952,58.551,-122.900574,0.00029,-0.20739,-0.002896,0.0,-0.002896,0.0,0.0,10.0,0.0
1776020649.9935026,58.571,-122.90049,-0.000892,0.075284,0.008921,0.0,0.008921,0.0,0.0,10.0,0.0
1776020650.0136905,58.591,-122.901718,-0.00059,0.231892,0.005899,0.0,0.005899,0.0,0.0,10.0,0.0
1776020650.0331936,58.611,-122.904274,-0.000292,0.121897,0.002917,0.0,0.002917,0.0,0.0,10.0,0.0
1776020650.0533237,58.631,-122.902893,-0.001002,0.252792,0.01002,0.0,0.01002,0.0,0.0,10.0,0.0
1776020650.0747154,58.651,-122.905151,0.000896,-0.14822,-0.008965,0.0,-0.008965,0.0,0.0,10.0,0.0
1776020650.093575,58.671,-122.903976,0.00102,-0.186922,-0.010199,0.0,-0.010199,0.0,0.0,10.0,0.0
1776020650.1135483,58.691,-122.902748,0.000766,-0.197639,-0.007657,0.0,-0.007657,0.0,0.0,10.0,0.0
1776020650.1334813,58.711,-122.90168,0.000226,-0.047375,-0.00226,0.0,-0.00226,0.0,0.0,10.0,0.0
1776020650.1539705,58.731,-122.903893,0.000883,-0.185281,-0.008832,0.0,-0.008832,0.0,0.0,10.0,0.0
1776020650.1740174,58.751,-122.90374,0.001218,-0.326287,-0.012181,0.0,-0.012181,0.0,0.0,10.0,0.0
1776020650.1935875,58.771,-122.902496,0.000643,-0.268525,-0.006434,0.0,-0.006434,0.0,0.0,10.0,0.0
1776020650.2131534,58.791,-122.902939,0.000766,-0.301885,-0.007656,0.0,-0.007656,0.0,0.0,10.0,0.0
1776020650.2334461,58.811,-122.902428,0.000596,-0.177423,-0.005961,0.0,-0.005961,0.0,0.0,10.0,0.0
1776020650.2535415,58.831,-122.903412,0.000203,0.02862,-0.002026,0.0,-0.002026,0.0,0.0,10.0,0.0
1776020650.2736697,58.851,-122.90477,0.000217,0.000402,-0.002167,0.0,-0.002167,0.0,0.0,10.0,0.0
1776020650.2939584,58.871,-122.905792,-0.000184,-0.006852,0.001843,0.0,0.001843,0.0,0.0,10.0,0.0
1776020650.3135734,58.891,-122.90522,-0.000498,0.098109,0.004975,0.0,0.004975,0.0,0.0,10.0,0.0
1776020650.3339822,58.911,-122.906921,0.000386,0.023198,-0.003856,0.0,-0.003856,0.0,0.0,10.0,0.0
1776020650.3542001,58.931,-122.90519,-0.000212,0.0421,0.002121,0.0,0.002121,0.0,0.0,10.0,0.0
1776020650.3739543,58.951,-122.905983,0.000323,-0.14194,-0.00323,0.0,-0.00323,0.0,0.0,10.0,0.0
1776020650.3941603,58.971,-122.905556,-0.000397,0.166095,0.003967,0.0,0.003967,0.0,0.0,10.0,0.0
1776020650.4133365,58.991,-122.907295,-0.000128,0.222668,0.001283,0.0,0.001283,0.0,0.0,10.0,0.0
1776020650.433175,59.011,-122.906792,0.00014,0.159177,-0.0014,0.0,-0.0014,0.0,0.0,10.0,0.0
1776020650.4532764,59.031,-122.90802,2e-06,0.179349,-2.2e-05,0.0,-2.2e-05,0.0,0.0,10.0,0.0
1776020650.473145,59.051,-122.907448,4e-05,0.120014,-0.000401,0.0,-0.000401,0.0,0.0,10.0,0.0
1776020650.4932644,59.071,-122.907593,0.000933,-0.079732,-0.009325,0.0,-0.009325,0.0,0.0,10.0,0.0
1776020650.513725,59.091,-122.907677,0.001527,-0.301068,-0.01527,0.0,-0.01527,0.0,0.0,10.0,0.0
1776020650.5339804,59.111,-122.908165,7.1e-05,-0.11177,-0.000712,0.0,-0.000712,0.0,0.0,10.0,0.0
1776020650.554036,59.131,-122.908455,-0.000807,0.105816,0.008071,0.0,0.008071,0.0,0.0,10.0,0.0
1776020650.5732388,59.151,-122.908295,-9.5e-05,-0.006766,0.000951,0.0,0.000951,0.0,0.0,10.0,0.0
1776020650.5940723,59.171,-122.908073,0.000333,-0.180735,-0.003331,0.0,-0.003331,0.0,0.0,10.0,0.0
1776020650.6139338,59.191,-122.905357,-0.000406,-0.003254,0.004064,0.0,0.004064,0.0,0.0,10.0,0.0
1776020650.6344981,59.211,-122.907227,0.000123,-0.006122,-0.001233,0.0,-0.001233,0.0,0.0,10.0,0.0
1776020650.6531622,59.231,-122.906273,-5.7e-05,-0.059142,0.000575,0.0,0.000575,0.0,0.0,10.0,0.0
1776020650.6736484,59.251,-122.907524,-0.000413,0.07433,0.004132,0.0,0.004132,0.0,0.0,10.0,0.0
1776020650.6935217,59.271,-122.905464,0.000467,-0.15994,-0.00467,0.0,-0.00467,0.0,0.0,10.0,0.0
1776020650.7139614,59.291,-122.905846,-0.000371,0.022337,0.003714,0.0,0.003714,0.0,0.0,10.0,0.0
1776020650.7331252,59.311,-122.903702,-0.000858,0.184193,0.00858,0.0,0.00858,0.0,0.0,10.0,0.0
1776020650.7540243,59.331,-122.904892,0.001423,-0.197014,-0.014233,0.0,-0.014233,0.0,0.0,10.0,0.0
1776020650.7740662,59.351,-122.902596,0.000809,-0.150874,-0.008094,0.0,-0.008094,0.0,0.0,10.0,0.0
1776020650.7937095,59.371,-122.902458,0.000328,0.029369,-0.003276,0.0,-0.003276,0.0,0.0,10.0,0.0
1776020650.8134813,59.391,-122.900726,0.000564,-0.094806,-0.005638,0.0,-0.005638,0.0,0.0,10.0,0.0
1776020650.8340516,59.411,-122.899628,0.000956,-0.159264,-0.00956,0.0,-0.00956,0.0,0.0,10.0,0.0
1776020650.8536453,59.431,-122.899002,0.000548,-0.114913,-0.005482,0.0,-0.005482,0.0,0.0,10.0,0.0
1776020650.8735385,59.451,-122.89724,0.000186,0.012108,-0.001863,0.0,-0.001863,0.0,0.0,10.0,0.0
1776020650.8933277,59.471,-122.897102,-0.000629,0.069934,0.006285,0.0,0.006285,0.0,0.0,10.0,0.0
1776020650.9140897,59.491,-122.896561,-8.5e-05,0.041623,0.000854,0.0,0.000854,0.0,0.0,10.0,0.0
1776020650.9334917,59.511,-122.897484,0.000452,-0.111798,-0.00452,0.0,-0.00452,0.0,0.0,10.0,0.0
1776020650.9541254,59.531,-122.898415,-0.000879,0.174384,0.008791,0.0,0.008791,0.0,0.0,10.0,0.0
1776020650.974077,59.551,-122.898048,-0.000876,0.148279,0.008761,0.0,0.008761,0.0,0.0,10.0,0.0
1776020650.994247,59.571,-122.895462,-0.000403,0.01759,0.004029,0.0,0.004029,0.0,0.0,10.0,0.0
1776020651.0134115,59.591,-122.897255,0.000772,-0.255811,-0.007722,0.0,-0.007722,0.0,0.0,10.0,0.0
1776020651.033142,59.611,-122.896172,-0.000598,-0.060078,0.005983,0.0,0.005983,0.0,0.0,10.0,0.0
1776020651.0551534,59.631,-122.896881,-0.000452,0.177611,0.004522,0.0,0.004522,0.0,0.0,10.0,0.0
1776020651.07448,59.651,-122.894218,0.000445,0.01952,-0.004449,0.0,-0.004449,0.0,0.0,10.0,0.0
1776020651.0946965,59.671,-122.895546,0.000337,0.030897,-0.003366,0.0,-0.003366,0.0,0.0,10.0,0.0
1776020651.114312,59.691,-122.894699,0.000612,-0.046123,-0.006117,0.0,-0.006117,0.0,0.0,10.0,0.0
1776020651.134755,59.711,-122.895203,-0.000171,0.033544,0.001709,0.0,0.001709,0.0,0.0,10.0,0.0
1776020651.1535268,59.731,-122.896873,5e-05,-0.009417,-0.000496,0.0,-0.000496,0.0,0.0,10.0,0.0
1776020651.174018,59.751,-122.895874,0.00089,-0.183941,-0.008898,0.0,-0.008898,0.0,0.0,10.0,0.0
1776020651.193209,59.771,-122.895775,-0.000456,0.093936,0.004559,0.0,0.004559,0.0,0.0,10.0,0.0
1776020651.213919,59.791,-122.896614,-0.000509,0.127691,0.005094,0.0,0.005094,0.0,0.0,10.0,0.0
1776020651.2334745,59.811,-122.897079,-0.000252,0.129975,0.002518,0.0,0.002518,0.0,0.0,10.0,0.0
1776020651.2531683,59.831,-122.896027,-0.000594,0.193064,0.005937,0.0,0.005937,0.0,0.0,10.0,0.0
1776020651.2742527,59.851,-122.89653,-0.000868,0.275054,0.00868,0.0,0.00868,0.0,0.0,10.0,0.0
1776020651.293649,59.871,-122.896843,-0.000442,0.131755,0.004424,0.0,0.004424,0.0,0.0,10.0,0.0
1776020651.313503,59.891,-122.897324,-0.000894,0.084554,0.008941,0.0,0.008941,0.0,0.0,10.0,0.0
1776020651.3332036,59.911,-122.895905,-0.000373,-0.029816,0.00373,0.0,0.00373,0.0,0.0,10.0,0.0
1776020651.3539956,59.931,-122.897675,-0.000582,-0.003321,0.005823,0.0,0.005823,0.0,0.0,10.0,0.0
1776020651.37405,59.951,-122.895927,0.000807,-0.217457,-0.008073,0.0,-0.008073,0.0,0.0,10.0,0.0
1776020651.3939495,59.971,-122.896477,0.000331,-0.114429,-0.003308,0.0,-0.003308,0.0,0.0,10.0,0.0
1776020651.4131315,59.991,-122.894806,-0.000735,-0.006386,0.00735,0.0,0.00735,0.0,0.0,10.0,0.0
1776020651.4335904,60.011,-122.89418,0.000433,-0.093227,-0.004335,0.0,-0.004335,0.0,0.0,10.0,0.0
1776020651.453386,60.031,-122.892365,0.001054,-0.127032,-0.010536,0.0,-0.010536,0.0,0.0,10.0,0.0
1776020651.4749436,60.051,-122.892662,0.000722,-0.266246,-0.007224,0.0,-0.007224,0.0,0.0,10.0,0.0
1776020651.4935744,60.071,-122.891953,0.000312,0.033482,-0.003116,0.0,-0.003116,0.0,0.0,10.0,0.0
1776020651.5134108,60.091,-122.891136,-0.000389,0.208063,0.003891,0.0,0.003891,0.0,0.0,10.0,0.0
1776020651.5342493,60.111,-122.890259,0.000368,0.202453,-0.003677,0.0,-0.003677,0.0,0.0,10.0,0.0
1776020651.5537765,60.131,-122.890038,-0.000667,0.373068,0.006668,0.0,0.006668,0.0,0.0,10.0,0.0
1776020651.5745933,60.151,-122.888214,-0.000623,0.199101,0.006232,0.0,0.006232,0.0,0.0,10.0,0.0
1776020651.5933855,60.171,-122.885918,-0.001746,0.3916,0.017462,0.0,0.017462,0.0,0.0,10.0,0.0
1776020651.6134918,60.191,-122.886383,-0.000483,0.074112,0.00483,0.0,0.00483,0.0,0.0,10.0,0.0
1776020651.6339781,60.211,-122.885406,-0.000509,-0.016873,0.005095,0.0,0.005095,0.0,0.0,10.0,0.0
1776020651.6534028,60.231,-122.88694,-0.001102,0.040517,0.011022,0.0,0.011022,0.0,0.0,10.0,0.0
1776020651.6734898,60.251,-122.886559,-0.000601,0.024793,0.006005,0.0,0.006005,0.0,0.0,10.0,0.0
1776020651.693499,60.271,-122.888855,-3e-06,-0.007988,2.9e-05,0.0,2.9e-05,0.0,0.0,10.0,0.0
1776020651.713267,60.291,-122.887543,0.00039,-0.086848,-0.003901,0.0,-0.003901,0.0,0.0,10.0,0.0
1776020651.7334907,60.311,-122.889015,-0.000326,0.132947,0.003258,0.0,0.003258,0.0,0.0,10.0,0.0
1776020651.7536137,60.331,-122.889793,-0.000347,0.136746,0.003473,0.0,0.003473,0.0,0.0,10.0,0.0
1776020651.7735193,60.351,-122.891052,-0.000252,0.037871,0.00252,0.0,0.00252,0.0,0.0,10.0,0.0
1776020651.7934945,60.371,-122.889824,-0.000176,-0.119902,0.001759,0.0,0.001759,0.0,0.0,10.0,0.0
1776020651.8136091,60.391,-122.889908,-0.000451,0.008888,0.004508,0.0,0.004508,0.0,0.0,10.0,0.0
1776020651.8334944,60.411,-122.888687,-0.001009,0.184464,0.010089,0.0,0.010089,0.0,0.0,10.0,0.0
1776020651.8534276,60.431,-122.88765,0.000131,0.093533,-0.00131,0.0,-0.00131,0.0,0.0,10.0,0.0
1776020651.8732898,60.451,-122.887909,-0.000151,0.005041,0.001514,0.0,0.001514,0.0,0.0,10.0,0.0
1776020651.8933237,60.471,-122.887665,-0.000117,-0.035385,0.001166,0.0,0.001166,0.0,0.0,10.0,0.0
1776020651.9137065,60.491,-122.888359,-0.00073,0.150383,0.007296,0.0,0.007296,0.0,0.0,10.0,0.0
1776020651.9333556,60.511,-122.889153,-0.000354,-0.059095,0.003544,0.0,0.003544,0.0,0.0,10.0,0.0
1776020651.9537995,60.531,-122.890366,-0.000722,0.013017,0.007218,0.0,0.007218,0.0,0.0,10.0,0.0
1776020651.9736104,60.551,-122.889046,-0.000587,0.201964,0.005866,0.0,0.005866,0.0,0.0,10.0,0.0
1776020651.9933383,60.571,-122.891586,-0.000519,0.186766,0.005192,0.0,0.005192,0.0,0.0,10.0,0.0
1776020652.0134203,60.591,-122.889648,-0.000232,0.077177,0.00232,0.0,0.00232,0.0,0.0,10.0,0.0
1776020652.0338223,60.611,-122.889961,-0.00026,0.014801,0.002595,0.0,0.002595,0.0,0.0,10.0,0.0
1776020652.0538583,60.631,-122.888496,0.000169,-0.14262,-0.00169,0.0,-0.00169,0.0,0.0,10.0,0.0
1776020652.0736256,60.651,-122.889,0.000702,-0.405532,-0.007015,0.0,-0.007015,0.0,0.0,10.0,0.0
1776020652.0937269,60.671,-122.888428,0.000473,-0.193463,-0.004726,0.0,-0.004726,0.0,0.0,10.0,0.0
1776020652.1134682,60.691,-122.88884,-0.000725,0.064815,0.007254,0.0,0.007254,0.0,0.0,10.0,0.0
1776020652.1334345,60.711,-122.887978,-0.000449,0.14857,0.004489,0.0,0.004489,0.0,0.0,10.0,0.0
1776020652.153089,60.731,-122.888855,-4.5e-05,0.086723,0.000449,0.0,0.000449,0.0,0.0,10.0,0.0
1776020652.1731858,60.751,-122.887283,0.000492,0.111757,-0.004921,0.0,-0.004921,0.0,0.0,10.0,0.0
1776020652.193181,60.771,-122.887817,0.000388,-0.021058,-0.003877,0.0,-0.003877,0.0,0.0,10.0,0.0
1776020652.2141879,60.791,-122.889252,-0.001483,0.170416,0.014833,0.0,0.014833,0.0,0.0,10.0,0.0
1776020652.2332852,60.811,-122.888802,0.000366,-0.093,-0.003658,0.0,-0.003658,0.0,0.0,10.0,0.0
1776020652.253265,60.831,-122.890068,-0.000339,-0.000194,0.00339,0.0,0.00339,0.0,0.0,10.0,0.0
1776020652.2731917,60.851,-122.88958,-0.00077,0.037666,0.007704,0.0,0.007704,0.0,0.0,10.0,0.0
1776020652.2936022,60.871,-122.890533,-0.001631,0.304232,0.016305,0.0,0.016305,0.0,0.0,10.0,0.0
1776020652.3131847,60.891,-122.888321,-0.000253,0.026898,0.002527,0.0,0.002527,0.0,0.0,10.0,0.0
1776020652.33341,60.911,-122.888374,4.2e-05,-0.152874,-0.000416,0.0,-0.000416,0.0,0.0,10.0,0.0
1776020652.3533714,60.931,-122.887596,-0.000572,0.00681,0.005721,0.0,0.005721,0.0,0.0,10.0,0.0
1776020652.3730445,60.951,-122.888481,-0.000752,0.153706,0.007524,0.0,0.007524,0.0,0.0,10.0,0.0
1776020652.3933508,60.971,-122.887146,-6.5e-05,0.135835,0.000648,0.0,0.000648,0.0,0.0,10.0,0.0
1776020652.4133232,60.991,-122.888222,0.001523,-0.183999,-0.015229,0.0,-0.015229,0.0,0.0,10.0,0.0
1776020652.4335046,61.011,-122.885971,1.4e-05,0.04185,-0.000142,0.0,-0.000142,0.0,0.0,10.0,0.0
1776020652.4535127,61.031,-122.886627,-0.00085,0.1896,0.008496,0.0,0.008496,0.0,0.0,10.0,0.0
1776020652.4733434,61.051,-122.884171,-9.8e-05,0.151367,0.000979,0.0,0.000979,0.0,0.0,10.0,0.0
1776020652.4932306,61.071,-122.884056,0.00057,-0.059079,-0.0057,0.0,-0.0057,0.0,0.0,10.0,0.0
1776020652.5136302,61.091,-122.883034,-0.000386,-0.079397,0.003856,0.0,0.003856,0.0,0.0,10.0,0.0
1776020652.5339158,61.111,-122.881104,-0.001554,0.266546,0.015542,0.0,0.015542,0.0,0.0,10.0,0.0
1776020652.5538378,61.131,-122.880753,-0.000137,0.054269,0.001372,0.0,0.001372,0.0,0.0,10.0,0.0
1776020652.5736196,61.151,-122.878166,0.000199,-0.152122,-0.00199,0.0,-0.00199,0.0,0.0,10.0,0.0
1776020652.5945635,61.171,-122.879196,-0.000337,-0.111221,0.003366,0.0,0.003366,0.0,0.0,10.0,0.0
1776020652.6136386,61.191,-122.876587,-0.000449,0.063423,0.004485,0.0,0.004485,0.0,0.0,10.0,0.0
1776020652.6347213,61.211,-122.877899,-0.001544,0.445964,0.015444,0.0,0.015444,0.0,0.0,10.0,0.0
1776020652.6535034,61.231,-122.87719,-0.001135,0.215157,0.011352,0.0,0.011352,0.0,0.0,10.0,0.0
1776020652.6740677,61.251,-122.877953,-0.001125,0.228694,0.011251,0.0,0.011251,0.0,0.0,10.0,0.0
1776020652.6945906,61.271,-122.875809,3.5e-05,-0.00966,-0.000352,0.0,-0.000352,0.0,0.0,10.0,0.0
1776020652.7148964,61.291,-122.875168,-0.000505,0.018852,0.005047,0.0,0.005047,0.0,0.0,10.0,0.0
1776020652.733979,61.311,-122.873032,-0.00012,-0.208996,0.001201,0.0,0.001201,0.0,0.0,10.0,0.0
1776020652.7535112,61.331,-122.875244,-0.000207,-0.135253,0.002067,0.0,0.002067,0.0,0.0,10.0,0.0
1776020652.7735314,61.351,-122.874428,6.7e-05,-0.10333,-0.000673,0.0,-0.000673,0.0,0.0,10.0,0.0
1776020652.79449,61.371,-122.875916,-0.000264,0.041307,0.00264,0.0,0.00264,0.0,0.0,10.0,0.0
1776020652.8135233,61.391,-122.874535,-0.000454,0.030565,0.004543,0.0,0.004543,0.0,0.0,10.0,0.0
1776020652.8339577,61.411,-122.873474,0.000146,-0.124797,-0.001459,0.0,-0.001459,0.0,0.0,10.0,0.0
1776020652.8536522,61.431,-122.872269,0.000652,-0.150638,-0.006518,0.0,-0.006518,0.0,0.0,10.0,0.0
1776020652.8745732,61.451,-122.872856,-0.000224,-0.024671,0.002236,0.0,0.002236,0.0,0.0,10.0,0.0
1776020652.8935053,61.471,-122.872993,-0.000539,-0.006309,0.005386,0.0,0.005386,0.0,0.0,10.0,0.0
1776020652.9139185,61.491,-122.871925,-0.001486,0.213036,0.014859,0.0,0.014859,0.0,0.0,10.0,0.0
1776020652.9345462,61.511,-122.873459,-0.000588,0.285992,0.005875,0.0,0.005875,0.0,0.0,10.0,0.0
1776020652.9539523,61.531,-122.871719,-0.00027,0.03184,0.002704,0.0,0.002704,0.0,0.0,10.0,0.0
1776020652.973066,61.551,-122.8713,-7.1e-05,-0.126027,0.000715,0.0,0.000715,0.0,0.0,10.0,0.0
1776020652.9941971,61.571,-122.869003,-0.000799,-0.018146,0.007988,0.0,0.007988,0.0,0.0,10.0,0.0
1776020653.0145974,61.591,-122.869713,0.000217,-0.03373,-0.002175,0.0,-0.002175,0.0,0.0,10.0,0.0
1776020653.0332346,61.611,-122.870468,0.00033,0.085299,-0.003304,0.0,-0.003304,0.0,0.0,10.0,0.0
1776020653.0536141,61.631,-122.871803,0.000381,-0.020846,-0.003812,0.0,-0.003812,0.0,0.0,10.0,0.0
1776020653.0731814,61.651,-122.868538,1.9e-05,-0.10178,-0.000195,0.0,-0.000195,0.0,0.0,10.0,0.0
1776020653.0939357,61.671,-122.868416,0.000328,-0.055898,-0.003283,0.0,-0.003283,0.0,0.0,10.0,0.0
1776020653.113518,61.691,-122.868706,0.001371,-0.379508,-0.013713,0.0,-0.013713,0.0,0.0,10.0,0.0
1776020653.1347072,61.711,-122.870003,0.00028,-0.061912,-0.002801,0.0,-0.002801,0.0,0.0,10.0,0.0
1776020653.1531441,61.731,-122.869888,-0.000364,0.069415,0.003641,0.0,0.003641,0.0,0.0,10.0,0.0
1776020653.1733801,61.751,-122.870041,0.000682,-0.038074,-0.00682,0.0,-0.00682,0.0,0.0,10.0,0.0
1776020653.1931367,61.771,-122.870628,0.001305,-0.187912,-0.013051,0.0,-0.013051,0.0,0.0,10.0,0.0
1776020653.2136438,61.791,-122.870987,-0.000593,-0.036195,0.005934,0.0,0.005934,0.0,0.0,10.0,0.0
1776020653.23349,61.811,-122.870262,-0.000297,0.082,0.002971,0.0,0.002971,0.0,0.0,10.0,0.0
1776020653.2543063,61.831,-122.868362,-0.001032,0.381743,0.010324,0.0,0.010324,0.0,0.0,10.0,0.0
1776020653.273081,61.851,-122.869057,-0.000624,0.241531,0.006238,0.0,0.006238,0.0,0.0,10.0,0.0
1776020653.293486,61.871,-122.868935,9.3e-05,0.069103,-0.000931,0.0,-0.000931,0.0,0.0,10.0,0.0
1776020653.3145962,61.891,-122.870697,-0.001093,0.079608,0.010925,0.0,0.010925,0.0,0.0,10.0,0.0
1776020653.3346443,61.911,-122.868935,-0.000627,0.09617,0.006275,0.0,0.006275,0.0,0.0,10.0,0.0
1776020653.3532054,61.931,-122.869728,0.000581,-0.173371,-0.005807,0.0,-0.005807,0.0,0.0,10.0,0.0
1776020653.3733082,61.951,-122.869316,0.000342,-0.290496,-0.003421,0.0,-0.003421,0.0,0.0,10.0,0.0
1776020653.3938365,61.971,-122.870163,-0.000185,-0.005868,0.001853,0.0,0.001853,0.0,0.0,10.0,0.0
1776020653.4141622,61.991,-122.870674,0.000485,-0.020427,-0.004853,0.0,-0.004853,0.0,0.0,10.0,0.0
1776020653.434074,62.011,-122.871368,0.000401,-0.124316,-0.004014,0.0,-0.004014,0.0,0.0,10.0,0.0
1776020653.4540732,62.031,-122.869827,0.000928,-0.16371,-0.009282,0.0,-0.009282,0.0,0.0,10.0,0.0
1776020653.4732258,62.051,-122.870399,0.000368,-0.001012,-0.003681,0.0,-0.003681,0.0,0.0,10.0,0.0
1776020653.4962146,62.071,-122.869156,0.000217,0.012811,-0.002171,0.0,-0.002171,0.0,0.0,10.0,0.0
1776020653.5158386,62.091,-122.870026,0.000457,-0.06025,-0.004567,0.0,-0.004567,0.0,0.0,10.0,0.0
1776020653.5358558,62.111,-122.871407,0.000677,-0.1847,-0.006769,0.0,-0.006769,0.0,0.0,10.0,0.0
1776020653.5555627,62.131,-122.870941,-0.000338,0.104295,0.00338,0.0,0.00338,0.0,0.0,10.0,0.0
1776020653.5772817,62.151,-122.871056,-0.000469,0.266528,0.004688,0.0,0.004688,0.0,0.0,10.0,0.0
1776020653.5950723,62.171,-122.869156,-0.000239,0.067891,0.002387,0.0,0.002387,0.0,0.0,10.0,0.0
1776020653.616156,62.191,-122.869415,0.000288,-0.1051,-0.002883,0.0,-0.002883,0.0,0.0,10.0,0.0
1776020653.6353528,62.211,-122.867775,-0.000752,0.044285,0.007519,0.0,0.007519,0.0,0.0,10.0,0.0
1776020653.655648,62.231,-122.870476,1.1e-05,-0.018461,-0.000115,0.0,-0.000115,0.0,0.0,10.0,0.0
1776020653.675803,62.251,-122.870277,-0.000938,-0.017471,0.009384,0.0,0.009384,0.0,0.0,10.0,0.0
1776020653.6961913,62.271,-122.869209,-0.000253,0.014908,0.002532,0.0,0.002532,0.0,0.0,10.0,0.0
1776020653.7152987,62.291,-122.86689,-0.000122,0.125099,0.001224,0.0,0.001224,0.0,0.0,10.0,0.0
1776020653.7358527,62.311,-122.867813,0.000439,-0.02032,-0.004387,0.0,-0.004387,0.0,0.0,10.0,0.0
1776020653.7559822,62.331,-122.867744,0.001459,-0.345368,-0.01459,0.0,-0.01459,0.0,0.0,10.0,0.0
1776020653.7766814,62.351,-122.868607,0.00109,-0.299043,-0.010904,0.0,-0.010904,0.0,0.0,10.0,0.0
1776020653.7960422,62.371,-122.868675,0.000566,-0.1177,-0.005664,0.0,-0.005664,0.0,0.0,10.0,0.0
1776020653.8160517,62.391,-122.869194,0.000674,0.112469,-0.006744,0.0,-0.006744,0.0,0.0,10.0,0.0
1776020653.8359652,62.411,-122.869621,0.000576,0.142842,-0.00576,0.0,-0.00576,0.0,0.0,10.0,0.0
1776020653.8562467,62.431,-122.870995,0.000875,-0.09068,-0.00875,0.0,-0.00875,0.0,0.0,10.0,0.0
1776020653.8761768,62.451,-122.868523,-0.000308,-0.001777,0.003077,0.0,0.003077,0.0,0.0,10.0,0.0
1776020653.8959057,62.471,-122.865929,0.000966,-0.149602,-0.009658,0.0,-0.009658,0.0,0.0,10.0,0.0
1776020653.9159791,62.491,-122.865807,-0.000558,-0.098723,0.005581,0.0,0.005581,0.0,0.0,10.0,0.0
1776020653.9361537,62.511,-122.86541,-0.000501,0.022211,0.005014,0.0,0.005014,0.0,0.0,10.0,0.0
1776020653.9557796,62.531,-122.867531,-0.001383,0.263799,0.013834,0.0,0.013834,0.0,0.0,10.0,0.0
1776020653.9758525,62.551,-122.867218,0.000189,-0.018724,-0.001886,0.0,-0.001886,0.0,0.0,10.0,0.0
1776020653.9959152,62.571,-122.870262,-3e-06,-0.075412,3e-05,0.0,3e-05,0.0,0.0,10.0,0.0
1776020654.0164123,62.591,-122.868591,4e-05,-0.078862,-0.000397,0.0,-0.000397,0.0,0.0,10.0,0.0
1776020654.0362153,62.611,-122.870506,-0.000362,0.121973,0.003623,0.0,0.003623,0.0,0.0,10.0,0.0
1776020654.0567694,62.631,-122.868431,0.001058,-0.110194,-0.01058,0.0,-0.01058,0.0,0.0,10.0,0.0
1776020654.0760496,62.651,-122.868515,0.0009,-0.072275,-0.008997,0.0,-0.008997,0.0,0.0,10.0,0.0
1776020654.09617,62.671,-122.867516,0.000514,-0.063735,-0.005136,0.0,-0.005136,0.0,0.0,10.0,0.0
1776020654.1156425,62.691,-122.868256,0.000331,0.007024,-0.003311,0.0,-0.003311,0.0,0.0,10.0,0.0
1776020654.135871,62.711,-122.868256,0.000533,-0.142012,-0.005331,0.0,-0.005331,0.0,0.0,10.0,0.0
1776020654.1559553,62.731,-122.86911,0.0018,-0.317441,-0.018002,0.0,-0.018002,0.0,0.0,10.0,0.0
1776020654.1760628,62.751,-122.869156,-0.000111,0.042129,0.001113,0.0,0.001113,0.0,0.0,10.0,0.0
1776020654.1953926,62.771,-122.868828,-0.000587,0.184728,0.005874,0.0,0.005874,0.0,0.0,10.0,0.0
1776020654.2158682,62.791,-122.868195,0.000132,0.069467,-0.00132,0.0,-0.00132,0.0,0.0,10.0,0.0
1776020654.2362826,62.811,-122.866547,-9.3e-05,0.087215,0.00093,0.0,0.00093,0.0,0.0,10.0,0.0
1776020654.256366,62.831,-122.867088,-0.000229,0.171873,0.002288,0.0,0.002288,0.0,0.0,10.0,0.0
1776020654.2752762,62.851,-122.865372,-0.000621,0.095264,0.00621,0.0,0.00621,0.0,0.0,10.0,0.0
1776020654.2955356,62.871,-122.864876,-0.000563,0.061446,0.005628,0.0,0.005628,0.0,0.0,10.0,0.0
1776020654.3157427,62.891,-122.864281,0.000747,-0.167005,-0.007467,0.0,-0.007467,0.0,0.0,10.0,0.0
1776020654.3363204,62.911,-122.864922,0.000344,-0.215422,-0.003441,0.0,-0.003441,0.0,0.0,10.0,0.0
1776020654.3551633,62.931,-122.865929,0.000437,-0.173072,-0.004373,0.0,-0.004373,0.0,0.0,10.0,0.0
1776020654.3757496,62.951,-122.865982,0.000497,-0.124589,-0.004968,0.0,-0.004968,0.0,0.0,10.0,0.0
1776020654.3955197,62.971,-122.864769,0.000266,-0.023678,-0.002661,0.0,-0.002661,0.0,0.0,10.0,0.0
1776020654.4163618,62.991,-122.866653,-0.000547,0.131681,0.005472,0.0,0.005472,0.0,0.0,10.0,0.0
1776020654.4359188,63.011,-122.865646,0.000905,-0.025803,-0.009047,0.0,-0.009047,0.0,0.0,10.0,0.0
1776020654.4571645,63.031,-122.866562,0.001092,-0.190536,-0.010921,0.0,-0.010921,0.0,0.0,10.0,0.0
1776020654.4759989,63.051,-122.864151,0.000569,-0.080244,-0.00569,0.0,-0.00569,0.0,0.0,10.0,0.0
1776020654.4960153,63.071,-122.862419,0.001434,-0.041292,-0.014337,0.0,-0.014337,0.0,0.0,10.0,0.0
1776020654.515349,63.091,-122.863419,0.003294,-0.387012,-0.032938,0.0,-0.032938,0.0,0.0,10.0,0.0
1776020654.5357022,63.111,-122.863319,0.00189,-0.354101,-0.018901,0.0,-0.018901,0.0,0.0,10.0,0.0
1776020654.555304,63.131,-122.864059,0.00182,-0.507259,-0.018202,0.0,-0.018202,0.0,0.0,10.0,0.0
1776020654.5765646,63.151,-122.862679,0.00102,-0.288937,-0.010197,0.0,-0.010197,0.0,0.0,10.0,0.0
1776020654.595451,63.171,-122.862419,-3e-06,0.031754,2.8e-05,0.0,2.8e-05,0.0,0.0,10.0,0.0
1776020654.6167963,63.191,-122.860153,-0.000626,0.001763,0.006263,0.0,0.006263,0.0,0.0,10.0,0.0
1776020654.6354527,63.211,-122.860275,-0.000428,0.067433,0.004275,0.0,0.004275,0.0,0.0,10.0,0.0
1776020654.6557467,63.231,-122.859718,-0.000923,0.139488,0.009228,0.0,0.009228,0.0,0.0,10.0,0.0
1776020654.6752343,63.251,-122.859154,-0.001519,0.420846,0.015189,0.0,0.015189,0.0,0.0,10.0,0.0
1776020654.695068,63.271,-122.856476,-0.000274,0.172068,0.002739,0.0,0.002739,0.0,0.0,10.0,0.0
1776020654.7159243,63.291,-122.854195,-0.000921,0.296652,0.009211,0.0,0.009211,0.0,0.0,10.0,0.0
1776020654.737035,63.311,-122.851166,0.000357,0.048962,-0.003568,0.0,-0.003568,0.0,0.0,10.0,0.0
1776020654.755579,63.331,-122.851654,0.000395,-0.096219,-0.003952,0.0,-0.003952,0.0,0.0,10.0,0.0
1776020654.775442,63.351,-122.849701,0.001126,-0.277012,-0.011257,0.0,-0.011257,0.0,0.0,10.0,0.0
1776020654.7959216,63.371,-122.850426,0.000481,-0.04305,-0.004811,0.0,-0.004811,0.0,0.0,10.0,0.0
1776020654.8167717,63.391,-122.850304,0.001251,-0.268559,-0.012511,0.0,-0.012511,0.0,0.0,10.0,0.0
1776020654.8369093,63.411,-122.851234,0.001728,-0.363489,-0.01728,0.0,-0.01728,0.0,0.0,10.0,0.0
1776020654.8567255,63.431,-122.851807,0.000431,0.009268,-0.004308,0.0,-0.004308,0.0,0.0,10.0,0.0
1776020654.8755195,63.451,-122.850861,0.000334,0.144976,-0.003335,0.0,-0.003335,0.0,0.0,10.0,0.0
1776020654.8955164,63.471,-122.851761,0.000472,0.005816,-0.004717,0.0,-0.004717,0.0,0.0,10.0,0.0
1776020654.9159563,63.491,-122.850426,3.6e-05,-0.017114,-0.000359,0.0,-0.000359,0.0,0.0,10.0,0.0
1776020654.9361389,63.511,-122.8517,-0.001282,-0.00453,0.012818,0.0,0.012818,0.0,0.0,10.0,0.0
1776020654.9563546,63.531,-122.851013,-0.001156,-0.018796,0.011561,0.0,0.011561,0.0,0.0,10.0,0.0
1776020654.9752786,63.551,-122.8498,-0.00256,0.32914,0.025602,0.0,0.025602,0.0,0.0,10.0,0.0
1776020654.9957488,63.571,-122.849457,-0.00118,0.320252,0.011802,0.0,0.011802,0.0,0.0,10.0,0.0
1776020655.0160105,63.591,-122.850304,6.3e-05,-0.025182,-0.000629,0.0,-0.000629,0.0,0.0,10.0,0.0
1776020655.0364835,63.611,-122.848701,-0.000286,-0.098261,0.002861,0.0,0.002861,0.0,0.0,10.0,0.0
1776020655.056722,63.631,-122.846939,0.000282,0.020421,-0.002817,0.0,-0.002817,0.0,0.0,10.0,0.0
1776020655.0760307,63.651,-122.845329,0.00063,-0.064238,-0.006303,0.0,-0.006303,0.0,0.0,10.0,0.0
1776020655.0955691,63.671,-122.847023,0.001262,-0.261946,-0.012617,0.0,-0.012617,0.0,0.0,10.0,0.0
1776020655.1158583,63.691,-122.846901,0.00087,0.006023,-0.008696,0.0,-0.008696,0.0,0.0,10.0,0.0
1776020655.1368237,63.711,-122.846642,0.001193,-0.141647,-0.011927,0.0,-0.011927,0.0,0.0,10.0,0.0
1776020655.155823,63.731,-122.84552,0.000952,-0.10737,-0.009522,0.0,-0.009522,0.0,0.0,10.0,0.0
1776020655.1765976,63.751,-122.84687,-6.6e-05,-0.082141,0.000657,0.0,0.000657,0.0,0.0,10.0,0.0
1776020655.195695,63.771,-122.847458,-0.000103,0.131497,0.00103,0.0,0.00103,0.0,0.0,10.0,0.0
1776020655.215795,63.791,-122.847107,0.000291,-0.047607,-0.002911,0.0,-0.002911,0.0,0.0,10.0,0.0
1776020655.2354786,63.811,-122.847008,-0.000421,-0.013423,0.004214,0.0,0.004214,0.0,0.0,10.0,0.0
1776020655.2565193,63.831,-122.843758,-0.000112,-0.176701,0.001118,0.0,0.001118,0.0,0.0,10.0,0.0
1776020655.2753644,63.851,-122.842636,-0.000621,-0.09464,0.006207,0.0,0.006207,0.0,0.0,10.0,0.0
1776020655.2959442,63.871,-122.840698,-0.000679,0.169617,0.006786,0.0,0.006786,0.0,0.0,10.0,0.0
1776020655.3157814,63.891,-122.840248,-0.000199,0.062761,0.00199,0.0,0.00199,0.0,0.0,10.0,0.0
1776020655.3362043,63.911,-122.838295,0.000261,-0.091425,-0.002607,0.0,-0.002607,0.0,0.0,10.0,0.0
1776020655.3557975,63.931,-122.837517,-0.000511,0.106638,0.00511,0.0,0.00511,0.0,0.0,10.0,0.0
1776020655.3759022,63.951,-122.836189,-9.6e-05,0.295703,0.000957,0.0,0.000957,0.0,0.0,10.0,0.0
1776020655.3959074,63.971,-122.835655,0.000864,0.116931,-0.008645,0.0,-0.008645,0.0,0.0,10.0,0.0
1776020655.4163232,63.991,-122.83197,0.000367,-0.016018,-0.003666,0.0,-0.003666,0.0,0.0,10.0,0.0
1776020655.4366798,64.011,-122.831093,-0.000111,0.022308,0.001112,0.0,0.001112,0.0,0.0,10.0,0.0
1776020655.4575615,64.031,-122.828812,-0.001319,0.262409,0.013189,0.0,0.013189,0.0,0.0,10.0,0.0
1776020655.475594,64.051,-122.82753,0.00076,-0.235915,-0.007601,0.0,-0.007601,0.0,0.0,10.0,0.0
1776020655.4953125,64.071,-122.825508,-0.002176,0.070924,0.02176,0.0,0.02176,0.0,0.0,10.0,0.0
1776020655.5158975,64.091,-122.823662,-0.001699,0.0053,0.016992,0.0,0.016992,0.0,0.0,10.0,0.0
1776020655.5359216,64.111,-122.822929,-0.000396,-0.107489,0.00396,0.0,0.00396,0.0,0.0,10.0,0.0
1776020655.5563407,64.131,-122.822098,0.000726,-0.046561,-0.00726,0.0,-0.00726,0.0,0.0,10.0,0.0
1776020655.5755146,64.151,-122.821846,-0.000952,0.110476,0.009523,0.0,0.009523,0.0,0.0,10.0,0.0
1776020655.5959818,64.171,-122.817993,-0.000331,0.023534,0.003312,0.0,0.003312,0.0,0.0,10.0,0.0
1776020655.6154366,64.191,-122.818512,0.001093,-0.135972,-0.010933,0.0,-0.010933,0.0,0.0,10.0,0.0
1776020655.6358967,64.211,-122.817039,0.001691,-0.260845,-0.016908,0.0,-0.016908,0.0,0.0,10.0,0.0
1776020655.6555636,64.231,-122.816864,0.001805,-0.362063,-0.018047,0.0,-0.018047,0.0,0.0,10.0,0.0
1776020655.675841,64.251,-122.815498,-0.000483,0.034689,0.00483,0.0,0.00483,0.0,0.0,10.0,0.0
1776020655.6953259,64.271,-122.815262,-0.00083,0.182808,0.008305,0.0,0.008305,0.0,0.0,10.0,0.0
1776020655.7153,64.291,-122.81179,-0.000423,0.123841,0.004235,0.0,0.004235,0.0,0.0,10.0,0.0
1776020655.7353354,64.311,-122.812149,-0.000559,0.107874,0.005593,0.0,0.005593,0.0,0.0,10.0,0.0
1776020655.7553058,64.331,-122.811386,-1.5e-05,-0.020901,0.000147,0.0,0.000147,0.0,0.0,10.0,0.0
1776020655.7753804,64.351,-122.810196,0.000944,-0.303943,-0.009443,0.0,-0.009443,0.0,0.0,10.0,0.0
1776020655.7955391,64.371,-122.80854,0.000865,-0.198262,-0.008652,0.0,-0.008652,0.0,0.0,10.0,0.0
1776020655.8153753,64.391,-122.809624,0.00054,-0.206247,-0.005402,0.0,-0.005402,0.0,0.0,10.0,0.0
1776020655.8360193,64.411,-122.809006,-0.000866,0.102801,0.008659,0.0,0.008659,0.0,0.0,10.0,0.0
1776020655.8557432,64.431,-122.809898,0.000699,-0.069398,-0.006989,0.0,-0.006989,0.0,0.0,10.0,0.0
1776020655.875838,64.451,-122.810158,-0.000422,0.119477,0.004216,0.0,0.004216,0.0,0.0,10.0,0.0
1776020655.895542,64.471,-122.809677,-0.000945,0.069546,0.009451,0.0,0.009451,0.0,0.0,10.0,0.0
1776020655.9159634,64.491,-122.80883,-0.000667,-0.156028,0.006668,0.0,0.006668,0.0,0.0,10.0,0.0
1776020655.9353142,64.511,-122.80555,-0.001508,0.162664,0.01508,0.0,0.01508,0.0,0.0,10.0,0.0
1776020655.9556267,64.531,-122.804718,-0.000254,-0.053169,0.002538,0.0,0.002538,0.0,0.0,10.0,0.0
1776020655.9755912,64.551,-122.802696,-0.000313,0.105013,0.003127,0.0,0.003127,0.0,0.0,10.0,0.0
1776020655.996115,64.571,-122.800117,-0.000332,0.318052,0.003322,0.0,0.003322,0.0,0.0,10.0,0.0
1776020656.0155044,64.591,-122.796799,6e-05,0.322757,-0.000597,0.0,-0.000597,0.0,0.0,10.0,0.0
1776020656.035498,64.611,-122.797043,0.000842,0.014172,-0.008421,0.0,-0.008421,0.0,0.0,10.0,0.0
1776020656.055951,64.631,-122.793831,0.001277,-0.1826,-0.012772,0.0,-0.012772,0.0,0.0,10.0,0.0
1776020656.0767376,64.651,-122.79319,0.00054,-0.130662,-0.005398,0.0,-0.005398,0.0,0.0,10.0,0.0
1776020656.0970056,64.671,-122.789162,0.00088,-0.082865,-0.008803,0.0,-0.008803,0.0,0.0,10.0,0.0
1776020656.1159759,64.691,-122.789337,0.000335,-0.202964,-0.003354,0.0,-0.003354,0.0,0.0,10.0,0.0
1776020656.136881,64.711,-122.787888,6e-05,-0.116371,-0.000603,0.0,-0.000603,0.0,0.0,10.0,0.0
1776020656.155668,64.731,-122.787437,0.000621,0.000246,-0.006215,0.0,-0.006215,0.0,0.0,10.0,0.0
1776020656.1761684,64.751,-122.785728,-0.00077,0.220769,0.007704,0.0,0.007704,0.0,0.0,10.0,0.0
1776020656.1961591,64.771,-122.785126,-0.000905,0.349677,0.009052,0.0,0.009052,0.0,0.0,10.0,0.0
1776020656.2153926,64.791,-122.783569,-0.000322,0.224716,0.003217,0.0,0.003217,0.0,0.0,10.0,0.0
1776020656.2352843,64.811,-122.781944,-0.000795,0.38025,0.007952,0.0,0.007952,0.0,0.0,10.0,0.0
1776020656.2555456,64.831,-122.779594,-0.000293,0.049064,0.00293,0.0,0.00293,0.0,0.0,10.0,0.0
1776020656.2752688,64.851,-122.775543,-0.001383,0.061342,0.013834,0.0,0.013834,0.0,0.0,10.0,0.0
1776020656.295305,64.871,-122.775856,-0.001439,-0.063053,0.01439,0.0,0.01439,0.0,0.0,10.0,0.0
1776020656.3156974,64.891,-122.774529,-0.000717,-0.014445,0.007167,0.0,0.007167,0.0,0.0,10.0,0.0
1776020656.3360684,64.911,-122.775085,-0.00035,-0.109228,0.003504,0.0,0.003504,0.0,0.0,10.0,0.0
1776020656.3555806,64.931,-122.775215,-0.00033,-0.085584,0.003296,0.0,0.003296,0.0,0.0,10.0,0.0
1776020656.3758225,64.951,-122.777122,-0.000766,0.064373,0.007656,0.0,0.007656,0.0,0.0,10.0,0.0
1776020656.3957624,64.971,-122.775841,4.7e-05,0.116836,-0.000466,0.0,-0.000466,0.0,0.0,10.0,0.0
1776020656.4159436,64.991,-122.775101,0.001383,-0.247012,-0.013827,0.0,-0.013827,0.0,0.0,10.0,0.0
1776020656.435488,65.011,-122.771591,0.000928,-0.200599,-0.009278,0.0,-0.009278,0.0,0.0,10.0,0.0
1776020656.455832,65.031,-122.77021,0.000221,-0.197549,-0.002214,0.0,-0.002214,0.0,0.0,10.0,0.0
1776020656.4758282,65.051,-122.76889,0.000938,-0.197909,-0.009376,0.0,-0.009376,0.0,0.0,10.0,0.0
1776020656.4959357,65.071,-122.767998,0.000457,-0.081171,-0.004567,0.0,-0.004567,0.0,0.0,10.0,0.0
1776020656.516317,65.091,-122.767166,0.000532,-0.052259,-0.005318,0.0,-0.005318,0.0,0.0,10.0,0.0
1776020656.5357738,65.111,-122.767082,9.6e-05,0.035754,-0.000964,0.0,-0.000964,0.0,0.0,10.0,0.0
1776020656.5557919,65.131,-122.766876,-0.000303,0.087316,0.003028,0.0,0.003028,0.0,0.0,10.0,0.0
1776020656.5758038,65.151,-122.765594,-2.7e-05,-0.058261,0.000268,0.0,0.000268,0.0,0.0,10.0,0.0
1776020656.5962236,65.171,-122.765648,-0.000405,0.104852,0.004045,0.0,0.004045,0.0,0.0,10.0,0.0
1776020656.6157825,65.191,-122.764709,-0.000646,0.138221,0.006458,0.0,0.006458,0.0,0.0,10.0,0.0
1776020656.63586,65.211,-122.765923,-0.001321,0.29232,0.013208,0.0,0.013208,0.0,0.0,10.0,0.0
1776020656.655884,65.231,-122.762672,0.000544,-0.071989,-0.005437,0.0,-0.005437,0.0,0.0,10.0,0.0
1776020656.6759121,65.251,-122.763344,0.000693,-0.230504,-0.006927,0.0,-0.006927,0.0,0.0,10.0,0.0
1776020656.695205,65.271,-122.76152,-0.000831,0.136296,0.008314,0.0,0.008314,0.0,0.0,10.0,0.0
1776020656.7158062,65.291,-122.762383,-0.001518,0.287086,0.015176,0.0,0.015176,0.0,0.0,10.0,0.0
1776020656.736279,65.311,-122.761826,3e-05,0.111067,-0.000299,0.0,-0.000299,0.0,0.0,10.0,0.0
1776020656.7550287,65.331,-122.761322,-0.000158,-0.011726,0.00158,0.0,0.00158,0.0,0.0,10.0,0.0
1776020656.7752995,65.351,-122.758133,-3.1e-05,0.000343,0.00031,0.0,0.00031,0.0,0.0,10.0,0.0
1776020656.795905,65.371,-122.758629,-0.000639,0.172283,0.006393,0.0,0.006393,0.0,0.0,10.0,0.0
1776020656.8159955,65.391,-122.755524,0.000862,-0.162378,-0.00862,0.0,-0.00862,0.0,0.0,10.0,0.0
1776020656.8355024,65.411,-122.754791,0.000821,-0.21863,-0.008205,0.0,-0.008205,0.0,0.0,10.0,0.0
1776020656.8566391,65.431,-122.753174,0.000278,-0.084252,-0.002778,0.0,-0.002778,0.0,0.0,10.0,0.0
1776020656.8753753,65.451,-122.752892,-0.000274,0.083147,0.00274,0.0,0.00274,0.0,0.0,10.0,0.0
1776020656.8957503,65.471,-122.752998,-0.001025,0.207724,0.010247,0.0,0.010247,0.0,0.0,10.0,0.0
1776020656.9157453,65.491,-122.752724,-0.000738,0.237437,0.00738,0.0,0.00738,0.0,0.0,10.0,0.0
1776020656.9344838,65.511,-122.752266,0.000549,-0.072189,-0.005492,0.0,-0.005492,0.0,0.0,10.0,0.0
1776020656.954127,65.531,-122.750732,-0.000509,-0.035761,0.005089,0.0,0.005089,0.0,0.0,10.0,0.0
1776020656.9769588,65.551,-122.75087,0.000283,-0.096185,-0.002825,0.0,-0.002825,0.0,0.0,10.0,0.0
1776020656.9959545,65.571,-122.749573,0.000647,-0.345648,-0.006469,0.0,-0.006469,0.0,0.0,10.0,0.0
1776020657.015987,65.591,-122.749138,-0.00046,-0.108862,0.004596,0.0,0.004596,0.0,0.0,10.0,0.0
1776020657.0358975,65.611,-122.748482,-0.000545,0.146125,0.005445,0.0,0.005445,0.0,0.0,10.0,0.0
1776020657.0558426,65.631,-122.74894,-0.000339,0.118873,0.003388,0.0,0.003388,0.0,0.0,10.0,0.0
1776020657.0762298,65.651,-122.747177,-0.000482,-0.043702,0.004817,0.0,0.004817,0.0,0.0,10.0,0.0
1776020657.0975873,65.671,-122.747437,-0.000693,0.12628,0.00693,0.0,0.00693,0.0,0.0,10.0,0.0
1776020657.1160207,65.691,-122.747971,0.000155,-0.084406,-0.001545,0.0,-0.001545,0.0,0.0,10.0,0.0
1776020657.1365385,65.711,-122.749161,-2.6e-05,-0.110908,0.000259,0.0,0.000259,0.0,0.0,10.0,0.0
1776020657.156154,65.731,-122.748299,-0.000832,-0.061024,0.008325,0.0,0.008325,0.0,0.0,10.0,0.0
1776020657.1756675,65.751,-122.746185,1.1e-05,0.069183,-0.000113,0.0,-0.000113,0.0,0.0,10.0,0.0
1776020657.196195,65.771,-122.746468,0.000319,0.124267,-0.00319,0.0,-0.00319,0.0,0.0,10.0,0.0
1776020657.2160316,65.791,-122.745132,0.001086,-0.051864,-0.010858,0.0,-0.010858,0.0,0.0,10.0,0.0
1776020657.2373097,65.811,-122.744858,-0.000318,0.12208,0.003178,0.0,0.003178,0.0,0.0,10.0,0.0
1776020657.2557902,65.831,-122.743149,-0.000418,-0.016966,0.004178,0.0,0.004178,0.0,0.0,10.0,0.0
1776020657.276669,65.851,-122.744217,-0.00049,0.009884,0.004898,0.0,0.004898,0.0,0.0,10.0,0.0
1776020657.2950225,65.871,-122.743942,-0.000476,-0.041633,0.004759,0.0,0.004759,0.0,0.0,10.0,0.0
1776020657.3157773,65.891,-122.744598,-0.001311,0.176802,0.013109,0.0,0.013109,0.0,0.0,10.0,0.0
1776020657.3358028,65.911,-122.743301,-0.002219,0.495375,0.022187,0.0,0.022187,0.0,0.0,10.0,0.0
1776020657.3556054,65.931,-122.743263,-0.000861,0.220579,0.00861,0.0,0.00861,0.0,0.0,10.0,0.0
1776020657.3759177,65.951,-122.742851,-0.001011,0.121827,0.010109,0.0,0.010109,0.0,0.0,10.0,0.0
1776020657.395741,65.971,-122.744202,-0.000704,0.069873,0.007045,0.0,0.007045,0.0,0.0,10.0,0.0
1776020657.4153056,65.991,-122.742821,-0.000852,0.057729,0.008519,0.0,0.008519,0.0,0.0,10.0,0.0
1776020657.43596,66.011,-122.744202,-5.2e-05,-0.111261,0.00052,0.0,0.00052,0.0,0.0,10.0,0.0
1776020657.4558034,66.031,-122.74218,0.001265,-0.298971,-0.012654,0.0,-0.012654,0.0,0.0,10.0,0.0
1776020657.4760196,66.051,-122.741264,-0.001292,0.145949,0.012918,0.0,0.012918,0.0,0.0,10.0,0.0
1776020657.4955807,66.071,-122.740433,-0.000464,0.239498,0.00464,0.0,0.00464,0.0,0.0,10.0,0.0
1776020657.5154116,66.091,-122.740608,0.000154,-0.080843,-0.001539,0.0,-0.001539,0.0,0.0,10.0,0.0
1776020657.5358014,66.111,-122.740913,0.000745,-0.219491,-0.007445,0.0,-0.007445,0.0,0.0,10.0,0.0
1776020657.5564413,66.131,-122.740761,5.5e-05,-0.092953,-0.00055,0.0,-0.00055,0.0,0.0,10.0,0.0
1776020657.5760841,66.151,-122.741142,-0.000475,-0.061607,0.004749,0.0,0.004749,0.0,0.0,10.0,0.0
1776020657.5957918,66.171,-122.740135,-0.000521,0.118906,0.005211,0.0,0.005211,0.0,0.0,10.0,0.0
1776020657.6159878,66.191,-122.740883,-0.000308,0.108853,0.003076,0.0,0.003076,0.0,0.0,10.0,0.0
1776020657.6357183,66.211,-122.741837,-0.000581,0.095591,0.005805,0.0,0.005805,0.0,0.0,10.0,0.0
1776020657.6556003,66.231,-122.742279,-0.000201,-0.027076,0.002007,0.0,0.002007,0.0,0.0,10.0,0.0
1776020657.6759171,66.251,-122.740089,-0.001774,0.137987,0.017737,0.0,0.017737,0.0,0.0,10.0,0.0
1776020657.6958513,66.271,-122.740364,-0.00056,0.0424,0.005599,0.0,0.005599,0.0,0.0,10.0,0.0
1776020657.715728,66.291,-122.739227,-0.001125,0.199504,0.011251,0.0,0.011251,0.0,0.0,10.0,0.0
1776020657.7356968,66.311,-122.740074,-0.001041,0.377367,0.010407,0.0,0.010407,0.0,0.0,10.0,0.0
1776020657.755779,66.331,-122.738831,0.000326,0.141418,-0.003259,0.0,-0.003259,0.0,0.0,10.0,0.0
1776020657.77568,66.351,-122.740852,-3e-05,-0.053268,0.000298,0.0,0.000298,0.0,0.0,10.0,0.0
1776020657.7975297,66.371,-122.740662,0.000697,-0.190463,-0.006967,0.0,-0.006967,0.0,0.0,10.0,0.0
1776020657.8173852,66.391,-122.742302,0.000559,-0.042436,-0.005591,0.0,-0.005591,0.0,0.0,10.0,0.0
1776020657.8351579,66.411,-122.741989,-0.000417,0.092199,0.004167,0.0,0.004167,0.0,0.0,10.0,0.0
1776020657.8557665,66.431,-122.742874,3.1e-05,0.049716,-0.000309,0.0,-0.000309,0.0,0.0,10.0,0.0
1776020657.8760765,66.451,-122.741539,0.001185,-0.248555,-0.011846,0.0,-0.011846,0.0,0.0,10.0,0.0
1776020657.896697,66.471,-122.741905,0.000447,-0.185067,-0.004474,0.0,-0.004474,0.0,0.0,10.0,0.0
1776020657.9155185,66.491,-122.742523,0.000187,-0.188128,-0.001866,0.0,-0.001866,0.0,0.0,10.0,0.0
1776020657.9355292,66.511,-122.740707,-0.000749,-0.095406,0.00749,0.0,0.00749,0.0,0.0,10.0,0.0
1776020657.9543154,66.531,-122.740005,-0.00038,0.046704,0.003805,0.0,0.003805,0.0,0.0,10.0,0.0
1776020657.9747288,66.551,-122.739479,-0.000787,0.232693,0.007873,0.0,0.007873,0.0,0.0,10.0,0.0
1776020657.9948902,66.571,-122.738426,0.000461,-0.056365,-0.004609,0.0,-0.004609,0.0,0.0,10.0,0.0
1776020658.0157666,66.591,-122.738617,-0.00144,0.049938,0.0144,0.0,0.0144,0.0,0.0,10.0,0.0
1776020658.0362084,66.611,-122.740295,-0.001619,0.259831,0.016194,0.0,0.016194,0.0,0.0,10.0,0.0
1776020658.0554562,66.631,-122.738701,-0.00095,0.330745,0.009502,0.0,0.009502,0.0,0.0,10.0,0.0
1776020658.0757482,66.651,-122.740326,-0.000522,0.150417,0.005218,0.0,0.005218,0.0,0.0,10.0,0.0
1776020658.095983,66.671,-122.738998,-0.000121,0.033501,0.001206,0.0,0.001206,0.0,0.0,10.0,0.0
1776020658.1166964,66.691,-122.738602,0.000555,-0.155121,-0.005551,0.0,-0.005551,0.0,0.0,10.0,0.0
1776020658.1364167,66.711,-122.736305,0.000643,-0.227392,-0.00643,0.0,-0.00643,0.0,0.0,10.0,0.0
1776020658.156206,66.731,-122.73616,0.000996,-0.177826,-0.009959,0.0,-0.009959,0.0,0.0,10.0,0.0
1776020658.175466,66.751,-122.735542,-0.000537,0.160148,0.005369,0.0,0.005369,0.0,0.0,10.0,0.0
1776020658.1961064,66.771,-122.735245,-0.000797,0.141074,0.007965,0.0,0.007965,0.0,0.0,10.0,0.0
1776020658.2163372,66.791,-122.734123,-5.3e-05,0.083317,0.000528,0.0,0.000528,0.0,0.0,10.0,0.0
1776020658.235546,66.811,-122.733818,0.000422,-0.096794,-0.004216,0.0,-0.004216,0.0,0.0,10.0,0.0
1776020658.2553782,66.831,-122.733986,-2.5e-05,-0.073685,0.000248,0.0,0.000248,0.0,0.0,10.0,0.0
1776020658.2759137,66.851,-122.73288,-0.001324,0.160724,0.013245,0.0,0.013245,0.0,0.0,10.0,0.0
1776020658.2962396,66.871,-122.732567,-0.000317,-0.032852,0.003171,0.0,0.003171,0.0,0.0,10.0,0.0
1776020658.3166242,66.891,-122.729942,8e-06,-0.145403,-8.4e-05,0.0,-8.4e-05,0.0,0.0,10.0,0.0
1776020658.335402,66.911,-122.732346,-0.001032,0.173035,0.010322,0.0,0.010322,0.0,0.0,10.0,0.0
1776020658.3556125,66.931,-122.731621,-0.001353,0.409825,0.013534,0.0,0.013534,0.0,0.0,10.0,0.0
1776020658.3755162,66.951,-122.73127,-0.000724,0.210608,0.007238,0.0,0.007238,0.0,0.0,10.0,0.0
1776020658.3958366,66.971,-122.730423,0.000249,-0.089267,-0.002489,0.0,-0.002489,0.0,0.0,10.0,0.0
1776020658.4156804,66.991,-122.731773,-0.000184,-0.196832,0.001845,0.0,0.001845,0.0,0.0,10.0,0.0
1776020658.4356046,67.011,-122.729507,-0.000155,-0.120747,0.00155,0.0,0.00155,0.0,0.0,10.0,0.0
1776020658.4555469,67.031,-122.730499,0.000341,-0.000763,-0.003405,0.0,-0.003405,0.0,0.0,10.0,0.0
1776020658.4758565,67.051,-122.727234,0.00032,-0.056812,-0.0032,0.0,-0.0032,0.0,0.0,10.0,0.0
1776020658.4957898,67.071,-122.727028,0.000991,-0.258989,-0.009908,0.0,-0.009908,0.0,0.0,10.0,0.0
1776020658.5163307,67.091,-122.725899,0.000829,-0.190666,-0.008291,0.0,-0.008291,0.0,0.0,10.0,0.0
1776020658.535308,67.111,-122.724831,-2e-05,0.078611,0.000203,0.0,0.000203,0.0,0.0,10.0,0.0
1776020658.555806,67.131,-122.725555,0.000741,-0.160041,-0.007414,0.0,-0.007414,0.0,0.0,10.0,0.0
1776020658.5759616,67.151,-122.724968,0.000708,-0.23697,-0.007078,0.0,-0.007078,0.0,0.0,10.0,0.0
1776020658.5968451,67.171,-122.72464,0.00016,-0.107452,-0.001601,0.0,-0.001601,0.0,0.0,10.0,0.0
1776020658.6151845,67.191,-122.724434,-0.001037,0.220574,0.010374,0.0,0.010374,0.0,0.0,10.0,0.0
1776020658.6355374,67.211,-122.724747,-0.000711,0.204803,0.007112,0.0,0.007112,0.0,0.0,10.0,0.0
1776020658.655474,67.231,-122.722168,-0.000449,0.167284,0.004491,0.0,0.004491,0.0,0.0,10.0,0.0
1776020658.6764917,67.251,-122.723946,-0.000126,0.115333,0.001257,0.0,0.001257,0.0,0.0,10.0,0.0
1776020658.69545,67.271,-122.723511,0.000254,-0.073937,-0.002536,0.0,-0.002536,0.0,0.0,10.0,0.0
1776020658.715424,67.291,-122.724037,-0.000224,-0.144226,0.002244,0.0,0.002244,0.0,0.0,10.0,0.0
1776020658.7357726,67.311,-122.7239,-0.000804,-0.074223,0.008041,0.0,0.008041,0.0,0.0,10.0,0.0
1776020658.7562506,67.331,-122.726311,0.00052,-0.122297,-0.0052,0.0,-0.0052,0.0,0.0,10.0,0.0
1776020658.7753315,67.351,-122.724174,0.000419,0.159009,-0.004195,0.0,-0.004195,0.0,0.0,10.0,0.0
1776020658.7957962,67.371,-122.725449,0.000284,0.043042,-0.002836,0.0,-0.002836,0.0,0.0,10.0,0.0
1776020658.8158956,67.391,-122.72377,-2.6e-05,0.022485,0.000262,0.0,0.000262,0.0,0.0,10.0,0.0
1776020658.8363645,67.411,-122.723618,-0.000176,0.024109,0.00176,0.0,0.00176,0.0,0.0,10.0,0.0
1776020658.8578265,67.431,-122.723259,0.000416,-0.034741,-0.004159,0.0,-0.004159,0.0,0.0,10.0,0.0
1776020658.876949,67.451,-122.72345,0.0002,-0.114259,-0.001998,0.0,-0.001998,0.0,0.0,10.0,0.0
1776020658.8961332,67.471,-122.723221,-8.4e-05,0.011184,0.000835,0.0,0.000835,0.0,0.0,10.0,0.0
1776020658.9154947,67.491,-122.722672,-0.000545,0.326922,0.005454,0.0,0.005454,0.0,0.0,10.0,0.0
1776020658.9358733,67.511,-122.723564,-7.6e-05,0.142697,0.000759,0.0,0.000759,0.0,0.0,10.0,0.0
1776020658.9557884,67.531,-122.722771,0.000286,0.01372,-0.002862,0.0,-0.002862,0.0,0.0,10.0,0.0
1776020658.9766254,67.551,-122.722183,-0.000825,-0.000728,0.008251,0.0,0.008251,0.0,0.0,10.0,0.0
1776020658.9954016,67.571,-122.721474,-0.000789,0.142176,0.007886,0.0,0.007886,0.0,0.0,10.0,0.0
1776020659.0159018,67.591,-122.722946,0.000368,-0.134041,-0.003681,0.0,-0.003681,0.0,0.0,10.0,0.0
1776020659.0357995,67.611,-122.723778,1.1e-05,-0.036922,-0.00011,0.0,-0.00011,0.0,0.0,10.0,0.0
1776020659.0563903,67.631,-122.725517,-0.000809,0.065263,0.008091,0.0,0.008091,0.0,0.0,10.0,0.0
1776020659.0754473,67.651,-122.7239,-0.000407,-0.004963,0.004075,0.0,0.004075,0.0,0.0,10.0,0.0
1776020659.0957713,67.671,-122.726158,0.001117,-0.213992,-0.011172,0.0,-0.011172,0.0,0.0,10.0,0.0
1776020659.1159828,67.691,-122.723549,0.00068,-0.134128,-0.006804,0.0,-0.006804,0.0,0.0,10.0,0.0
1776020659.1368167,67.711,-122.723259,-0.000711,0.275104,0.007112,0.0,0.007112,0.0,0.0,10.0,0.0
1776020659.1566172,67.731,-122.722336,0.000199,0.075902,-0.001989,0.0,-0.001989,0.0,0.0,10.0,0.0
1776020659.1758208,67.751,-122.72377,0.001507,-0.291806,-0.015073,0.0,-0.015073,0.0,0.0,10.0,0.0
1776020659.1963048,67.771,-122.723373,0.000921,-0.308227,-0.009206,0.0,-0.009206,0.0,0.0,10.0,0.0
1776020659.2160385,67.791,-122.722923,0.000726,-0.188608,-0.007259,0.0,-0.007259,0.0,0.0,10.0,0.0
1776020659.2355437,67.811,-122.721947,-0.000181,0.049754,0.001811,0.0,0.001811,0.0,0.0,10.0,0.0
1776020659.255832,67.831,-122.722946,0.000689,-0.067183,-0.006892,0.0,-0.006892,0.0,0.0,10.0,0.0
1776020659.2763746,67.851,-122.722374,0.000391,-0.077032,-0.003908,0.0,-0.003908,0.0,0.0,10.0,0.0
1776020659.2958748,67.871,-122.721649,-0.000688,0.200425,0.006883,0.0,0.006883,0.0,0.0,10.0,0.0
1776020659.3158097,67.891,-122.722496,0.001091,-0.166489,-0.010914,0.0,-0.010914,0.0,0.0,10.0,0.0
1776020659.335857,67.911,-122.721359,0.000523,-0.223918,-0.005233,0.0,-0.005233,0.0,0.0,10.0,0.0
1776020659.3562675,67.931,-122.722481,0.000449,-0.175439,-0.004485,0.0,-0.004485,0.0,0.0,10.0,0.0
1776020659.3754413,67.951,-122.721115,-0.000311,0.060135,0.003108,0.0,0.003108,0.0,0.0,10.0,0.0
1776020659.3973382,67.971,-122.721489,-0.000141,0.116673,0.001412,0.0,0.001412,0.0,0.0,10.0,0.0
1776020659.4151587,67.991,-122.720215,0.000425,-0.041687,-0.004255,0.0,-0.004255,0.0,0.0,10.0,0.0
1776020659.4357796,68.011,-122.720772,0.000202,-0.07628,-0.002021,0.0,-0.002021,0.0,0.0,10.0,0.0
1776020659.4558353,68.031,-122.719398,2.7e-05,0.099647,-0.000273,0.0,-0.000273,0.0,0.0,10.0,0.0
1776020659.4758718,68.051,-122.721199,1.6e-05,0.147208,-0.000158,0.0,-0.000158,0.0,0.0,10.0,0.0
1776020659.4960527,68.071,-122.719856,0.000709,-0.06119,-0.007091,0.0,-0.007091,0.0,0.0,10.0,0.0
1776020659.5157223,68.091,-122.720352,0.000598,-0.203374,-0.00598,0.0,-0.00598,0.0,0.0,10.0,0.0
1776020659.5358071,68.111,-122.719795,0.001158,-0.186547,-0.011577,0.0,-0.011577,0.0,0.0,10.0,0.0
1776020659.555827,68.131,-122.719124,0.000451,0.015729,-0.004512,0.0,-0.004512,0.0,0.0,10.0,0.0
1776020659.57625,68.151,-122.719009,0.000912,-0.103416,-0.009124,0.0,-0.009124,0.0,0.0,10.0,0.0
1776020659.595823,68.171,-122.717896,0.000401,-0.145372,-0.004005,0.0,-0.004005,0.0,0.0,10.0,0.0
1776020659.6157866,68.191,-122.717377,-0.00043,-0.026024,0.004304,0.0,0.004304,0.0,0.0,10.0,0.0
1776020659.6358397,68.211,-122.718414,0.000347,-0.002633,-0.003466,0.0,-0.003466,0.0,0.0,10.0,0.0
1776020659.6564004,68.231,-122.720055,0.000379,-0.191592,-0.003786,0.0,-0.003786,0.0,0.0,10.0,0.0
1776020659.6757748,68.251,-122.719521,0.000367,-0.275882,-0.003665,0.0,-0.003665,0.0,0.0,10.0,0.0
1776020659.6958342,68.271,-122.720642,-0.000381,-0.022914,0.00381,0.0,0.00381,0.0,0.0,10.0,0.0
1776020659.7158198,68.291,-122.720421,0.000413,0.035983,-0.004133,0.0,-0.004133,0.0,0.0,10.0,0.0
1776020659.7360084,68.311,-122.721565,0.000344,0.044424,-0.00344,0.0,-0.00344,0.0,0.0,10.0,0.0
1776020659.7554505,68.331,-122.721497,-8.5e-05,0.20291,0.000849,0.0,0.000849,0.0,0.0,10.0,0.0
1776020659.7756386,68.351,-122.722168,0.000125,0.100352,-0.001249,0.0,-0.001249,0.0,0.0,10.0,0.0
1776020659.796007,68.371,-122.721024,-0.00056,0.28831,0.005603,0.0,0.005603,0.0,0.0,10.0,0.0
1776020659.8166008,68.391,-122.723465,0.001271,-0.076597,-0.012711,0.0,-0.012711,0.0,0.0,10.0,0.0
1776020659.835687,68.411,-122.721664,0.000235,-0.061187,-0.002351,0.0,-0.002351,0.0,0.0,10.0,0.0
1776020659.85589,68.431,-122.720718,0.000824,-0.229223,-0.008239,0.0,-0.008239,0.0,0.0,10.0,0.0
1776020659.875819,68.451,-122.719727,0.000643,-0.093644,-0.006432,0.0,-0.006432,0.0,0.0,10.0,0.0
1776020659.8962467,68.471,-122.71888,0.001314,-0.217786,-0.013138,0.0,-0.013138,0.0,0.0,10.0,0.0
1776020659.9162679,68.491,-122.718369,-3e-06,0.096113,3.3e-05,0.0,3.3e-05,0.0,0.0,10.0,0.0
1776020659.9359558,68.511,-122.716827,0.00024,0.128267,-0.002401,0.0,-0.002401,0.0,0.0,10.0,0.0
1776020659.9558976,68.531,-122.716553,0.001083,-0.118074,-0.010828,0.0,-0.010828,0.0,0.0,10.0,0.0
1776020659.975317,68.551,-122.714684,-3.9e-05,-0.131676,0.00039,0.0,0.00039,0.0,0.0,10.0,0.0
1776020659.9954772,68.571,-122.716446,0.000318,-0.204827,-0.003176,0.0,-0.003176,0.0,0.0,10.0,0.0
1776020660.0166316,68.591,-122.717033,-0.000769,0.049255,0.00769,0.0,0.00769,0.0,0.0,10.0,0.0
1776020660.0353403,68.611,-122.71978,0.000424,-0.042792,-0.004244,0.0,-0.004244,0.0,0.0,10.0,0.0
1776020660.055775,68.631,-122.71769,-5.7e-05,0.057733,0.000573,0.0,0.000573,0.0,0.0,10.0,0.0
1776020660.077865,68.651,-122.719643,-0.000509,0.157246,0.005089,0.0,0.005089,0.0,0.0,10.0,0.0
1776020660.0963278,68.671,-122.719315,-8e-06,0.114896,7.7e-05,0.0,7.7e-05,0.0,0.0,10.0,0.0
1776020660.116812,68.691,-122.720078,8.1e-05,-0.118174,-0.000809,0.0,-0.000809,0.0,0.0,10.0,0.0
1776020660.1369374,68.711,-122.718369,0.001084,-0.281786,-0.010837,0.0,-0.010837,0.0,0.0,10.0,0.0
1776020660.1555061,68.731,-122.719543,0.001545,-0.36782,-0.015446,0.0,-0.015446,0.0,0.0,10.0,0.0
1776020660.1761436,68.751,-122.71714,0.000349,-0.04758,-0.003493,0.0,-0.003493,0.0,0.0,10.0,0.0
1776020660.1963313,68.771,-122.718071,0.000763,-0.063448,-0.007632,0.0,-0.007632,0.0,0.0,10.0,0.0
1776020660.2161481,68.791,-122.71759,0.001061,-0.155482,-0.010614,0.0,-0.010614,0.0,0.0,10.0,0.0
1776020660.235502,68.811,-122.718277,0.000661,-0.026047,-0.00661,0.0,-0.00661,0.0,0.0,10.0,0.0
1776020660.2559586,68.831,-122.717728,0.000513,0.117169,-0.005125,0.0,-0.005125,0.0,0.0,10.0,0.0
1776020660.2757962,68.851,-122.716797,-7.8e-05,0.084997,0.000781,0.0,0.000781,0.0,0.0,10.0,0.0
1776020660.2963467,68.871,-122.717415,0.000186,-0.044123,-0.001861,0.0,-0.001861,0.0,0.0,10.0,0.0
1776020660.315995,68.891,-122.718437,0.000421,-0.117205,-0.004215,0.0,-0.004215,0.0,0.0,10.0,0.0
1776020660.3372076,68.911,-122.720406,0.00065,-0.243446,-0.006501,0.0,-0.006501,0.0,0.0,10.0,0.0
1776020660.3569512,68.931,-122.721527,-0.000149,-0.153896,0.001488,0.0,0.001488,0.0,0.0,10.0,0.0
1776020660.3747723,68.951,-122.722198,-0.000366,-0.073939,0.003664,0.0,0.003664,0.0,0.0,10.0,0.0
1776020660.3936088,68.971,-122.721359,-0.001371,0.308211,0.013706,0.0,0.013706,0.0,0.0,10.0,0.0
1776020660.4152477,68.991,-122.721428,-0.000112,0.247496,0.001124,0.0,0.001124,0.0,0.0,10.0,0.0
1776020660.435026,69.011,-122.719795,-5e-06,0.141501,5e-05,0.0,5e-05,0.0,0.0,10.0,0.0
1776020660.4562027,69.031,-122.720093,-0.000532,0.150057,0.005322,0.0,0.005322,0.0,0.0,10.0,0.0
1776020660.4750664,69.051,-122.719231,-0.000377,0.10504,0.003771,0.0,0.003771,0.0,0.0,10.0,0.0
1776020660.495157,69.071,-122.719696,0.00121,-0.078715,-0.012097,0.0,-0.012097,0.0,0.0,10.0,0.0
1776020660.5149283,69.091,-122.718452,0.001025,-0.319103,-0.010251,0.0,-0.010251,0.0,0.0,10.0,0.0
1776020660.5352492,69.111,-122.718605,0.000686,-0.259554,-0.00686,0.0,-0.00686,0.0,0.0,10.0,0.0
1776020660.5546637,69.131,-122.717224,0.00039,-0.109444,-0.003902,0.0,-0.003902,0.0,0.0,10.0,0.0
1776020660.5748088,69.151,-122.71907,-9.6e-05,0.10562,0.000959,0.0,0.000959,0.0,0.0,10.0,0.0
1776020660.5948045,69.171,-122.718956,0.001415,-0.164583,-0.014149,0.0,-0.014149,0.0,0.0,10.0,0.0
1776020660.614836,69.191,-122.718864,1.3e-05,-0.035685,-0.000135,0.0,-0.000135,0.0,0.0,10.0,0.0
1776020660.6355877,69.211,-122.719681,-0.000125,0.039359,0.001251,0.0,0.001251,0.0,0.0,10.0,0.0
1776020660.6555789,69.231,-122.719337,0.000371,0.004083,-0.003706,0.0,-0.003706,0.0,0.0,10.0,0.0
1776020660.675792,69.251,-122.719666,-0.000472,0.083784,0.004717,0.0,0.004717,0.0,0.0,10.0,0.0
1776020660.695738,69.271,-122.719734,0.000453,-0.135588,-0.004526,0.0,-0.004526,0.0,0.0,10.0,0.0
1776020660.7156076,69.291,-122.720062,-0.00036,-0.099735,0.003602,0.0,0.003602,0.0,0.0,10.0,0.0
1776020660.735918,69.311,-122.71804,-0.000234,0.014678,0.002341,0.0,0.002341,0.0,0.0,10.0,0.0
1776020660.7561598,69.331,-122.719681,-0.000206,0.158036,0.002061,0.0,0.002061,0.0,0.0,10.0,0.0
1776020660.7767599,69.351,-122.717049,-5.4e-05,-0.062615,0.000537,0.0,0.000537,0.0,0.0,10.0,0.0
1776020660.7959273,69.371,-122.717522,-7.9e-05,0.059961,0.000788,0.0,0.000788,0.0,0.0,10.0,0.0
1776020660.8159168,69.391,-122.717293,0.000313,-0.034364,-0.003128,0.0,-0.003128,0.0,0.0,10.0,0.0
1776020660.836602,69.411,-122.718658,0.001124,-0.21793,-0.011235,0.0,-0.011235,0.0,0.0,10.0,0.0
1776020660.855962,69.431,-122.717194,0.000212,-0.116244,-0.002117,0.0,-0.002117,0.0,0.0,10.0,0.0
1776020660.877159,69.451,-122.716499,0.000388,0.08059,-0.003881,0.0,-0.003881,0.0,0.0,10.0,0.0
1776020660.8958347,69.471,-122.716827,0.000697,-0.066003,-0.006966,0.0,-0.006966,0.0,0.0,10.0,0.0
1776020660.9160476,69.491,-122.716965,0.000705,-0.362505,-0.007049,0.0,-0.007049,0.0,0.0,10.0,0.0
1776020660.9371777,69.511,-122.716499,9e-05,-0.120181,-0.0009,0.0,-0.0009,0.0,0.0,10.0,0.0
1776020660.9550126,69.531,-122.714775,-0.000475,0.192387,0.004755,0.0,0.004755,0.0,0.0,10.0,0.0
1776020660.976445,69.551,-122.715271,-0.000324,0.243806,0.003241,0.0,0.003241,0.0,0.0,10.0,0.0
1776020660.9950309,69.571,-122.712944,-0.000246,0.159131,0.002458,0.0,0.002458,0.0,0.0,10.0,0.0
1776020661.0151858,69.591,-122.713081,-0.0002,0.049982,0.002001,0.0,0.002001,0.0,0.0,10.0,0.0
1776020661.0350752,69.611,-122.7118,-0.000836,0.215181,0.008355,0.0,0.008355,0.0,0.0,10.0,0.0
1776020661.054644,69.631,-122.710846,-0.00076,0.159099,0.007598,0.0,0.007598,0.0,0.0,10.0,0.0
1776020661.075272,69.651,-122.707855,-0.0005,-0.056087,0.004995,0.0,0.004995,0.0,0.0,10.0,0.0
1776020661.0960336,69.671,-122.709,-0.000242,-0.265393,0.002421,0.0,0.002421,0.0,0.0,10.0,0.0
1776020661.1169415,69.691,-122.706894,-0.000317,-0.067639,0.003172,0.0,0.003172,0.0,0.0,10.0,0.0
1776020661.1369777,69.711,-122.707359,-4.8e-05,-0.016122,0.000477,0.0,0.000477,0.0,0.0,10.0,0.0
1776020661.156328,69.731,-122.707878,0.000225,-0.023404,-0.002249,0.0,-0.002249,0.0,0.0,10.0,0.0
1776020661.1761599,69.751,-122.708702,0.000617,-0.111505,-0.006169,0.0,-0.006169,0.0,0.0,10.0,0.0
1776020661.1960716,69.771,-122.709137,0.000858,-0.154647,-0.008579,0.0,-0.008579,0.0,0.0,10.0,0.0
1776020661.2162898,69.791,-122.708633,0.00031,0.023033,-0.003098,0.0,-0.003098,0.0,0.0,10.0,0.0
1776020661.2354305,69.811,-122.709297,0.000869,-0.028696,-0.008689,0.0,-0.008689,0.0,0.0,10.0,0.0
1776020661.2555404,69.831,-122.709366,0.00043,-0.084926,-0.004304,0.0,-0.004304,0.0,0.0,10.0,0.0
1776020661.2755413,69.851,-122.707634,0.000766,-0.220346,-0.007665,0.0,-0.007665,0.0,0.0,10.0,0.0
1776020661.2961588,69.871,-122.707718,0.001061,-0.20217,-0.010607,0.0,-0.010607,0.0,0.0,10.0,0.0
1776020661.3155007,69.891,-122.708153,8.6e-05,-0.147714,-0.000856,0.0,-0.000856,0.0,0.0,10.0,0.0
1776020661.335323,69.911,-122.707237,-0.000451,0.028692,0.004507,0.0,0.004507,0.0,0.0,10.0,0.0
1776020661.355423,69.931,-122.708511,-0.000752,0.329315,0.007523,0.0,0.007523,0.0,0.0,10.0,0.0
1776020661.3758667,69.951,-122.706749,-0.000829,0.262705,0.008287,0.0,0.008287,0.0,0.0,10.0,0.0
1776020661.3965816,69.971,-122.706963,0.000171,0.112874,-0.001713,0.0,-0.001713,0.0,0.0,10.0,0.0
1776020661.4153593,69.991,-122.70665,-0.00079,0.216394,0.007897,0.0,0.007897,0.0,0.0,10.0,0.0
1776020661.4358356,70.011,-122.707581,-0.000673,0.187243,0.006726,0.0,0.006726,0.0,0.0,10.0,0.0
1776020661.4565957,70.031,-122.704956,0.000466,-0.089243,-0.004663,0.0,-0.004663,0.0,0.0,10.0,0.0
1776020661.475797,70.051,-122.706497,0.000255,-0.169282,-0.00255,0.0,-0.00255,0.0,0.0,10.0,0.0
1776020661.495754,70.071,-122.704643,-0.001359,0.240146,0.013587,0.0,0.013587,0.0,0.0,10.0,0.0
1776020661.515966,70.091,-122.705132,0.000482,0.062608,-0.004817,0.0,-0.004817,0.0,0.0,10.0,0.0
1776020661.5355675,70.111,-122.703194,0.001179,-0.124554,-0.011794,0.0,-0.011794,0.0,0.0,10.0,0.0
1776020661.5555704,70.131,-122.7043,0.000448,-0.257287,-0.004478,0.0,-0.004478,0.0,0.0,10.0,0.0
1776020661.5760696,70.151,-122.700546,-0.000361,-0.023043,0.003605,0.0,0.003605,0.0,0.0,10.0,0.0
1776020661.595601,70.171,-122.701469,-3e-06,-0.03182,2.9e-05,0.0,2.9e-05,0.0,0.0,10.0,0.0
1776020661.6156673,70.191,-122.701271,0.001303,-0.277549,-0.013035,0.0,-0.013035,0.0,0.0,10.0,0.0
1776020661.6358476,70.211,-122.699615,0.000436,-0.113347,-0.004363,0.0,-0.004363,0.0,0.0,10.0,0.0
1776020661.6567004,70.231,-122.698669,0.000142,-0.086761,-0.001424,0.0,-0.001424,0.0,0.0,10.0,0.0
1776020661.6756194,70.251,-122.699585,-0.000306,-0.061111,0.003059,0.0,0.003059,0.0,0.0,10.0,0.0
1776020661.695726,70.271,-122.700874,-1.8e-05,-0.010802,0.000177,0.0,0.000177,0.0,0.0,10.0,0.0
1776020661.7157578,70.291,-122.699509,2.5e-05,-0.053805,-0.000254,0.0,-0.000254,0.0,0.0,10.0,0.0
1776020661.7362292,70.311,-122.700188,-0.001066,0.256659,0.01066,0.0,0.01066,0.0,0.0,10.0,0.0
1776020661.755734,70.331,-122.699837,-0.000437,0.10756,0.004371,0.0,0.004371,0.0,0.0,10.0,0.0
1776020661.7757032,70.351,-122.699738,-0.000557,0.169661,0.005573,0.0,0.005573,0.0,0.0,10.0,0.0
1776020661.795982,70.371,-122.697906,-7.2e-05,0.018293,0.000724,0.0,0.000724,0.0,0.0,10.0,0.0
1776020661.8171022,70.391,-122.700012,-0.000259,0.192405,0.00259,0.0,0.00259,0.0,0.0,10.0,0.0
1776020661.8353343,70.411,-122.699646,0.000598,-0.050484,-0.005979,0.0,-0.005979,0.0,0.0,10.0,0.0
1776020661.855972,70.431,-122.698822,0.000685,-0.276173,-0.006847,0.0,-0.006847,0.0,0.0,10.0,0.0
1776020661.875797,70.451,-122.696815,0.000863,-0.279512,-0.008626,0.0,-0.008626,0.0,0.0,10.0,0.0
1776020661.8960006,70.471,-122.698341,4.5e-05,0.076729,-0.000452,0.0,-0.000452,0.0,0.0,10.0,0.0
1776020661.9153802,70.491,-122.69796,-0.000713,0.279373,0.007127,0.0,0.007127,0.0,0.0,10.0,0.0
1776020661.9342785,70.511,-122.697853,0.001204,-0.01531,-0.012043,0.0,-0.012043,0.0,0.0,10.0,0.0
1776020661.9560077,70.531,-122.696922,0.000216,-0.084522,-0.002158,0.0,-0.002158,0.0,0.0,10.0,0.0
1776020661.976491,70.551,-122.69606,0.000561,-0.069186,-0.005605,0.0,-0.005605,0.0,0.0,10.0,0.0
1776020661.9976888,70.571,-122.695587,0.000673,-0.20119,-0.006729,0.0,-0.006729,0.0,0.0,10.0,0.0
1776020662.015222,70.591,-122.693588,7e-05,-0.239118,-0.000702,0.0,-0.000702,0.0,0.0,10.0,0.0
1776020662.035983,70.611,-122.694901,-0.00057,-0.072733,0.005696,0.0,0.005696,0.0,0.0,10.0,0.0
1776020662.055062,70.631,-122.693275,-0.001774,0.315055,0.017741,0.0,0.017741,0.0,0.0,10.0,0.0
1776020662.0755908,70.651,-122.692978,-0.001363,0.478363,0.013632,0.0,0.013632,0.0,0.0,10.0,0.0
1776020662.0955236,70.671,-122.69001,-0.001182,0.447154,0.011818,0.0,0.011818,0.0,0.0,10.0,0.0
1776020662.1166003,70.691,-122.689667,-0.000709,0.187613,0.007088,0.0,0.007088,0.0,0.0,10.0,0.0
1776020662.13575,70.711,-122.689194,-0.000166,0.127464,0.001655,0.0,0.001655,0.0,0.0,10.0,0.0
1776020662.1577334,70.731,-122.689713,-0.000173,0.043985,0.001725,0.0,0.001725,0.0,0.0,10.0,0.0
1776020662.175641,70.751,-122.688957,-0.000362,0.001371,0.00362,0.0,0.00362,0.0,0.0,10.0,0.0
1776020662.1977777,70.771,-122.690269,-0.000736,0.004088,0.007355,0.0,0.007355,0.0,0.0,10.0,0.0
1776020662.2155392,70.791,-122.68856,7.4e-05,-0.008973,-0.000737,0.0,-0.000737,0.0,0.0,10.0,0.0
1776020662.2356193,70.811,-122.689072,-5e-06,-0.087312,5e-05,0.0,5e-05,0.0,0.0,10.0,0.0
1776020662.255956,70.831,-122.688499,0.000373,-0.140823,-0.003733,0.0,-0.003733,0.0,0.0,10.0,0.0
1776020662.2762322,70.851,-122.688782,-0.000516,-0.05847,0.005163,0.0,0.005163,0.0,0.0,10.0,0.0
1776020662.2957697,70.871,-122.688072,2e-05,0.017505,-0.000199,0.0,-0.000199,0.0,0.0,10.0,0.0
1776020662.3157957,70.891,-122.688057,0.000114,0.081534,-0.001144,0.0,-0.001144,0.0,0.0,10.0,0.0
1776020662.3357356,70.911,-122.687866,-0.000385,0.083692,0.003854,0.0,0.003854,0.0,0.0,10.0,0.0
1776020662.3562045,70.931,-122.686478,-0.001224,0.078414,0.012237,0.0,0.012237,0.0,0.0,10.0,0.0
1776020662.3757904,70.951,-122.688385,-0.000765,0.092923,0.007647,0.0,0.007647,0.0,0.0,10.0,0.0
1776020662.395709,70.971,-122.688263,-0.000622,0.009541,0.006222,0.0,0.006222,0.0,0.0,10.0,0.0
1776020662.4158988,70.991,-122.689796,-0.000515,0.090654,0.00515,0.0,0.00515,0.0,0.0,10.0,0.0
1776020662.436718,71.011,-122.688019,-0.001167,0.24417,0.011674,0.0,0.011674,0.0,0.0,10.0,0.0
1776020662.455711,71.031,-122.687195,-0.00156,0.214094,0.015595,0.0,0.015595,0.0,0.0,10.0,0.0
1776020662.4758914,71.051,-122.683426,0.000232,-0.149729,-0.002323,0.0,-0.002323,0.0,0.0,10.0,0.0
1776020662.4957426,71.071,-122.684792,-0.000866,0.058352,0.008661,0.0,0.008661,0.0,0.0,10.0,0.0
1776020662.5163472,71.091,-122.6819,-0.001253,0.222398,0.012528,0.0,0.012528,0.0,0.0,10.0,0.0
1776020662.5357113,71.111,-122.683167,-1.1e-05,0.036266,0.000111,0.0,0.000111,0.0,0.0,10.0,0.0
1776020662.5557804,71.131,-122.682198,0.000488,-0.114954,-0.004882,0.0,-0.004882,0.0,0.0,10.0,0.0
1776020662.5753698,71.151,-122.680153,0.000652,-0.165585,-0.006515,0.0,-0.006515,0.0,0.0,10.0,0.0
1776020662.5960915,71.171,-122.677322,5.4e-05,-0.072254,-0.000538,0.0,-0.000538,0.0,0.0,10.0,0.0
1776020662.6154847,71.191,-122.676704,-0.000515,0.049316,0.005154,0.0,0.005154,0.0,0.0,10.0,0.0
1776020662.636788,71.211,-122.675232,0.000962,-0.286928,-0.009615,0.0,-0.009615,0.0,0.0,10.0,0.0
1776020662.6552896,71.231,-122.674995,0.000216,-0.189801,-0.002155,0.0,-0.002155,0.0,0.0,10.0,0.0
1776020662.6755164,71.251,-122.674957,-0.000216,-0.007309,0.002158,0.0,0.002158,0.0,0.0,10.0,0.0
1776020662.6953592,71.271,-122.672119,-0.001008,0.246217,0.010082,0.0,0.010082,0.0,0.0,10.0,0.0
1776020662.7160544,71.291,-122.671242,-0.000597,0.061466,0.00597,0.0,0.00597,0.0,0.0,10.0,0.0
1776020662.7351284,71.311,-122.670311,-0.000903,0.249721,0.009026,0.0,0.009026,0.0,0.0,10.0,0.0
1776020662.7552652,71.331,-122.671089,-0.000903,0.300238,0.009028,0.0,0.009028,0.0,0.0,10.0,0.0
1776020662.7758627,71.351,-122.669327,-0.000986,0.124414,0.00986,0.0,0.00986,0.0,0.0,10.0,0.0
1776020662.79654,71.371,-122.669167,-0.000491,0.088604,0.004911,0.0,0.004911,0.0,0.0,10.0,0.0
1776020662.8159041,71.391,-122.667107,-0.000387,-0.191602,0.003867,0.0,0.003867,0.0,0.0,10.0,0.0
1776020662.836164,71.411,-122.667557,1.8e-05,-0.140927,-0.000179,0.0,-0.000179,0.0,0.0,10.0,0.0
1776020662.8558142,71.431,-122.666145,-0.000243,0.038014,0.002431,0.0,0.002431,0.0,0.0,10.0,0.0
1776020662.8765285,71.451,-122.666855,-0.000869,0.178621,0.008693,0.0,0.008693,0.0,0.0,10.0,0.0
1776020662.895845,71.471,-122.665466,-0.000365,0.032722,0.003646,0.0,0.003646,0.0,0.0,10.0,0.0
1776020662.9154804,71.491,-122.665604,-3.6e-05,0.014677,0.000364,0.0,0.000364,0.0,0.0,10.0,0.0
1776020662.9358022,71.511,-122.664619,-5.9e-05,0.102695,0.000587,0.0,0.000587,0.0,0.0,10.0,0.0
1776020662.955966,71.531,-122.66436,-0.000208,0.027067,0.002077,0.0,0.002077,0.0,0.0,10.0,0.0
1776020662.9751985,71.551,-122.66478,-0.000363,-0.164529,0.003632,0.0,0.003632,0.0,0.0,10.0,0.0
1776020662.9957912,71.571,-122.663719,0.000421,-0.144301,-0.004207,0.0,-0.004207,0.0,0.0,10.0,0.0
1776020663.0155227,71.591,-122.662842,-0.0002,-0.136494,0.001996,0.0,0.001996,0.0,0.0,10.0,0.0
1776020663.035639,71.611,-122.661858,-0.000663,-0.060267,0.006629,0.0,0.006629,0.0,0.0,10.0,0.0
1776020663.055037,71.631,-122.662582,-0.000542,-0.116615,0.005416,0.0,0.005416,0.0,0.0,10.0,0.0
1776020663.0753112,71.651,-122.66201,-0.001506,0.269066,0.015057,0.0,0.015057,0.0,0.0,10.0,0.0
1776020663.095366,71.671,-122.664917,-0.001062,0.177337,0.010618,0.0,0.010618,0.0,0.0,10.0,0.0
1776020663.1151311,71.691,-122.664452,-0.000516,-0.100143,0.005155,0.0,0.005155,0.0,0.0,10.0,0.0
1776020663.1353347,71.711,-122.663895,-0.000598,-0.143161,0.00598,0.0,0.00598,0.0,0.0,10.0,0.0
1776020663.1558714,71.731,-122.662758,1.1e-05,-0.049392,-0.000112,0.0,-0.000112,0.0,0.0,10.0,0.0
1776020663.17677,71.751,-122.663811,-0.000131,0.013039,0.001306,0.0,0.001306,0.0,0.0,10.0,0.0
1776020663.1965709,71.771,-122.662872,0.00041,-0.137066,-0.004098,0.0,-0.004098,0.0,0.0,10.0,0.0
1776020663.2154694,71.791,-122.663788,0.000239,-0.109979,-0.002388,0.0,-0.002388,0.0,0.0,10.0,0.0
1776020663.235523,71.811,-122.662758,-0.000138,0.109567,0.001383,0.0,0.001383,0.0,0.0,10.0,0.0
1776020663.2560883,71.831,-122.661697,0.000901,-0.008885,-0.009006,0.0,-0.009006,0.0,0.0,10.0,0.0
1776020663.2762675,71.851,-122.660904,0.000591,-0.042026,-0.005907,0.0,-0.005907,0.0,0.0,10.0,0.0
1776020663.2955534,71.871,-122.660332,0.000654,-0.13284,-0.006544,0.0,-0.006544,0.0,0.0,10.0,0.0
1776020663.3153048,71.891,-122.660995,-0.000211,0.04602,0.002111,0.0,0.002111,0.0,0.0,10.0,0.0
1776020663.3358681,71.911,-122.661186,0.000244,0.050817,-0.002441,0.0,-0.002441,0.0,0.0,10.0,0.0
1776020663.3563137,71.931,-122.660233,-0.000741,0.252514,0.007413,0.0,0.007413,0.0,0.0,10.0,0.0
1776020663.3751736,71.951,-122.659714,-0.00066,0.323019,0.006596,0.0,0.006596,0.0,0.0,10.0,0.0
1776020663.3957138,71.971,-122.659561,-0.000956,0.261045,0.009559,0.0,0.009559,0.0,0.0,10.0,0.0
1776020663.4157593,71.991,-122.659286,-0.000624,0.185342,0.006238,0.0,0.006238,0.0,0.0,10.0,0.0
1776020663.436462,72.011,-122.658226,0.000419,-0.022674,-0.004189,0.0,-0.004189,0.0,0.0,10.0,0.0
1776020663.4570816,72.031,-122.656242,-0.00112,0.073925,0.011196,0.0,0.011196,0.0,0.0,10.0,0.0
1776020663.4757485,72.051,-122.657242,-0.000681,0.195603,0.006806,0.0,0.006806,0.0,0.0,10.0,0.0
1776020663.4959419,72.071,-122.65609,-0.001223,0.031262,0.012235,0.0,0.012235,0.0,0.0,10.0,0.0
1776020663.5154219,72.091,-122.656418,-0.000922,0.045753,0.009222,0.0,0.009222,0.0,0.0,10.0,0.0
1776020663.5357032,72.111,-122.654457,-0.000167,-0.042671,0.001675,0.0,0.001675,0.0,0.0,10.0,0.0
1776020663.5558999,72.131,-122.655426,-0.000429,0.140704,0.004292,0.0,0.004292,0.0,0.0,10.0,0.0
1776020663.575766,72.151,-122.654167,-0.000318,-0.019625,0.003179,0.0,0.003179,0.0,0.0,10.0,0.0
1776020663.5958009,72.171,-122.655235,0.000206,-0.10782,-0.002058,0.0,-0.002058,0.0,0.0,10.0,0.0
1776020663.615783,72.191,-122.652542,0.000618,-0.171015,-0.00618,0.0,-0.00618,0.0,0.0,10.0,0.0
1776020663.6368842,72.211,-122.650848,9.7e-05,-0.170608,-0.000966,0.0,-0.000966,0.0,0.0,10.0,0.0
1776020663.6555305,72.231,-122.649971,0.000172,-0.101417,-0.001719,0.0,-0.001719,0.0,0.0,10.0,0.0
1776020663.6756623,72.251,-122.650314,0.000308,-0.119109,-0.003085,0.0,-0.003085,0.0,0.0,10.0,0.0
1776020663.6960256,72.271,-122.649315,0.000389,-0.206647,-0.003894,0.0,-0.003894,0.0,0.0,10.0,0.0
1776020663.7150247,72.291,-122.64743,-0.000293,0.11658,0.00293,0.0,0.00293,0.0,0.0,10.0,0.0
1776020663.7358232,72.311,-122.645134,-0.000854,0.252627,0.008536,0.0,0.008536,0.0,0.0,10.0,0.0
1776020663.7557633,72.331,-122.645111,-0.000654,0.0943,0.006545,0.0,0.006545,0.0,0.0,10.0,0.0
1776020663.7763758,72.351,-122.64489,-0.000868,0.131955,0.008685,0.0,0.008685,0.0,0.0,10.0,0.0
1776020663.795806,72.371,-122.642654,0.000123,0.033383,-0.00123,0.0,-0.00123,0.0,0.0,10.0,0.0
1776020663.815434,72.391,-122.641861,0.000289,-0.169667,-0.002889,0.0,-0.002889,0.0,0.0,10.0,0.0
1776020663.8357265,72.411,-122.640343,-0.001211,0.164921,0.01211,0.0,0.01211,0.0,0.0,10.0,0.0
1776020663.8561993,72.431,-122.640739,-0.000618,0.191859,0.006175,0.0,0.006175,0.0,0.0,10.0,0.0
1776020663.8757284,72.451,-122.640312,-0.000365,0.154631,0.003654,0.0,0.003654,0.0,0.0,10.0,0.0
1776020663.8957958,72.471,-122.642334,0.00045,-0.127775,-0.004499,0.0,-0.004499,0.0,0.0,10.0,0.0
1776020663.915378,72.491,-122.641518,-0.000423,0.050896,0.004229,0.0,0.004229,0.0,0.0,10.0,0.0
1776020663.9362712,72.511,-122.642593,-4.5e-05,0.07324,0.000446,0.0,0.000446,0.0,0.0,10.0,0.0
1776020663.9557972,72.531,-122.641296,0.000889,-0.177494,-0.008892,0.0,-0.008892,0.0,0.0,10.0,0.0
1776020663.975597,72.551,-122.641411,0.000247,-0.150885,-0.002467,0.0,-0.002467,0.0,0.0,10.0,0.0
1776020663.995772,72.571,-122.639565,0.000142,-0.091317,-0.001423,0.0,-0.001423,0.0,0.0,10.0,0.0
1776020664.0168848,72.591,-122.638512,-0.000498,0.015044,0.004984,0.0,0.004984,0.0,0.0,10.0,0.0
1776020664.0359035,72.611,-122.637543,-0.000125,0.055381,0.001251,0.0,0.001251,0.0,0.0,10.0,0.0
1776020664.055756,72.631,-122.635712,0.00039,-0.028851,-0.003897,0.0,-0.003897,0.0,0.0,10.0,0.0
1776020664.0752466,72.651,-122.634117,-0.001727,0.253869,0.017269,0.0,0.017269,0.0,0.0,10.0,0.0
1776020664.0949986,72.671,-122.632225,-0.001139,0.255928,0.011395,0.0,0.011395,0.0,0.0,10.0,0.0
1776020664.115183,72.691,-122.631668,-0.001052,0.269992,0.010522,0.0,0.010522,0.0,0.0,10.0,0.0
1776020664.1357586,72.711,-122.629486,0.000453,-0.019139,-0.004532,0.0,-0.004532,0.0,0.0,10.0,0.0
1776020664.1556265,72.731,-122.631065,-0.000338,-0.074392,0.00338,0.0,0.00338,0.0,0.0,10.0,0.0
1776020664.1756375,72.751,-122.631042,-0.000693,0.009689,0.006932,0.0,0.006932,0.0,0.0,10.0,0.0
1776020664.1953964,72.771,-122.631874,-9.3e-05,-0.044571,0.000933,0.0,0.000933,0.0,0.0,10.0,0.0
1776020664.2163694,72.791,-122.630791,-0.000419,-0.105374,0.004192,0.0,0.004192,0.0,0.0,10.0,0.0
1776020664.2356124,72.811,-122.630409,0.000578,-0.022967,-0.005781,0.0,-0.005781,0.0,0.0,10.0,0.0
1776020664.2559855,72.831,-122.628899,-0.000174,0.128977,0.001738,0.0,0.001738,0.0,0.0,10.0,0.0
1776020664.2772398,72.851,-122.629044,-0.000404,0.244278,0.004043,0.0,0.004043,0.0,0.0,10.0,0.0
1776020664.2960536,72.871,-122.627327,0.000181,0.057859,-0.001805,0.0,-0.001805,0.0,0.0,10.0,0.0
1776020664.3158925,72.891,-122.628159,-0.000116,0.072817,0.00116,0.0,0.00116,0.0,0.0,10.0,0.0
1776020664.3359058,72.911,-122.625633,-0.000167,0.115444,0.001672,0.0,0.001672,0.0,0.0,10.0,0.0
1776020664.3557594,72.931,-122.623444,0.000541,-0.114626,-0.005415,0.0,-0.005415,0.0,0.0,10.0,0.0
1776020664.3757815,72.951,-122.622559,0.000616,-0.311664,-0.006165,0.0,-0.006165,0.0,0.0,10.0,0.0
1776020664.395462,72.971,-122.621002,0.000358,-0.322659,-0.003576,0.0,-0.003576,0.0,0.0,10.0,0.0
1776020664.4157665,72.991,-122.621056,-0.000388,-0.061494,0.003881,0.0,0.003881,0.0,0.0,10.0,0.0
1776020664.4356856,73.011,-122.620811,-0.000393,0.056689,0.003935,0.0,0.003935,0.0,0.0,10.0,0.0
1776020664.4557853,73.031,-122.621338,-0.000483,-0.017944,0.004827,0.0,0.004827,0.0,0.0,10.0,0.0
1776020664.4758525,73.051,-122.62075,-0.00099,0.14799,0.009903,0.0,0.009903,0.0,0.0,10.0,0.0
1776020664.4958947,73.071,-122.622406,0.000325,-0.013648,-0.003248,0.0,-0.003248,0.0,0.0,10.0,0.0
1776020664.516129,73.091,-122.623024,-0.000221,0.075711,0.002214,0.0,0.002214,0.0,0.0,10.0,0.0
1776020664.5354311,73.111,-122.625671,-0.001103,0.162473,0.011028,0.0,0.011028,0.0,0.0,10.0,0.0
1776020664.5557654,73.131,-122.62384,-0.00032,0.118591,0.003204,0.0,0.003204,0.0,0.0,10.0,0.0
1776020664.5758662,73.151,-122.625443,2.1e-05,0.07115,-0.000213,0.0,-0.000213,0.0,0.0,10.0,0.0
1776020664.596064,73.171,-122.62439,-0.00071,0.157866,0.007096,0.0,0.007096,0.0,0.0,10.0,0.0
1776020664.6155717,73.191,-122.625999,-0.00042,0.158467,0.0042,0.0,0.0042,0.0,0.0,10.0,0.0
1776020664.6359596,73.211,-122.624359,0.000861,-0.210073,-0.00861,0.0,-0.00861,0.0,0.0,10.0,0.0
1776020664.6558185,73.231,-122.624718,0.000756,-0.195738,-0.007561,0.0,-0.007561,0.0,0.0,10.0,0.0
1776020664.6763291,73.251,-122.622871,0.000359,-0.082353,-0.00359,0.0,-0.00359,0.0,0.0,10.0,0.0
1776020664.6951191,73.271,-122.622078,-5.1e-05,-0.00827,0.000506,0.0,0.000506,0.0,0.0,10.0,0.0
1776020664.7158458,73.291,-122.621475,2e-06,-0.008903,-1.7e-05,0.0,-1.7e-05,0.0,0.0,10.0,0.0
1776020664.7357907,73.311,-122.621002,0.000894,-0.145099,-0.00894,0.0,-0.00894,0.0,0.0,10.0,0.0
1776020664.7556722,73.331,-122.620415,0.000316,-0.239798,-0.00316,0.0,-0.00316,0.0,0.0,10.0,0.0
1776020664.775688,73.351,-122.620697,0.000214,-0.126156,-0.002144,0.0,-0.002144,0.0,0.0,10.0,0.0
1776020664.7965481,73.371,-122.619812,-0.000483,-0.119027,0.004825,0.0,0.004825,0.0,0.0,10.0,0.0
1776020664.8154085,73.391,-122.617981,0.000145,-0.052711,-0.001449,0.0,-0.001449,0.0,0.0,10.0,0.0
1776020664.8357646,73.411,-122.618446,0.000269,-0.047621,-0.002692,0.0,-0.002692,0.0,0.0,10.0,0.0
1776020664.8557572,73.431,-122.616776,-0.000923,0.187143,0.009229,0.0,0.009229,0.0,0.0,10.0,0.0
1776020664.876214,73.451,-122.617706,-0.000482,0.122893,0.004816,0.0,0.004816,0.0,0.0,10.0,0.0
1776020664.8969405,73.471,-122.616447,3e-05,0.063868,-0.000301,0.0,-0.000301,0.0,0.0,10.0,0.0
1776020664.9157724,73.491,-122.618271,0.000128,-0.04152,-0.001279,0.0,-0.001279,0.0,0.0,10.0,0.0
1776020664.9358697,73.511,-122.618446,-0.000344,0.234769,0.003437,0.0,0.003437,0.0,0.0,10.0,0.0
1776020664.956131,73.531,-122.620193,0.000746,-0.168346,-0.007459,0.0,-0.007459,0.0,0.0,10.0,0.0
1776020664.9761007,73.551,-122.621147,-0.000975,0.202765,0.009745,0.0,0.009745,0.0,0.0,10.0,0.0
1776020664.9969697,73.571,-122.622231,0.000833,-0.091291,-0.008329,0.0,-0.008329,0.0,0.0,10.0,0.0
1776020665.0158186,73.591,-122.622475,0.000538,-0.01394,-0.005377,0.0,-0.005377,0.0,0.0,10.0,0.0
1776020665.036772,73.611,-122.622627,0.000971,-0.111041,-0.00971,0.0,-0.00971,0.0,0.0,10.0,0.0
1776020665.0553102,73.631,-122.622902,0.000384,-0.111979,-0.003842,0.0,-0.003842,0.0,0.0,10.0,0.0
1776020665.0753949,73.651,-122.622177,0.00113,-0.271917,-0.011296,0.0,-0.011296,0.0,0.0,10.0,0.0
1776020665.0951786,73.671,-122.620728,-0.000123,-0.126108,0.001234,0.0,0.001234,0.0,0.0,10.0,0.0
1776020665.1156428,73.691,-122.61869,0.000263,-0.125482,-0.002628,0.0,-0.002628,0.0,0.0,10.0,0.0
1776020665.1347003,73.711,-122.621574,5e-05,-0.095126,-0.000498,0.0,-0.000498,0.0,0.0,10.0,0.0
1776020665.155918,73.731,-122.621025,0.000248,-0.095753,-0.002485,0.0,-0.002485,0.0,0.0,10.0,0.0
1776020665.1759095,73.751,-122.621422,0.000488,-0.147493,-0.00488,0.0,-0.00488,0.0,0.0,10.0,0.0
1776020665.1968036,73.771,-122.617859,-0.000367,0.135758,0.003666,0.0,0.003666,0.0,0.0,10.0,0.0
1776020665.217575,73.791,-122.618813,-0.000762,0.166011,0.007618,0.0,0.007618,0.0,0.0,10.0,0.0
1776020665.2353158,73.811,-122.617012,-0.000544,0.071571,0.005443,0.0,0.005443,0.0,0.0,10.0,0.0
1776020665.2553413,73.831,-122.618935,-0.000171,0.098182,0.001711,0.0,0.001711,0.0,0.0,10.0,0.0
1776020665.2758105,73.851,-122.619194,-8.4e-05,0.261417,0.000842,0.0,0.000842,0.0,0.0,10.0,0.0
1776020665.2960794,73.871,-122.620316,0.000686,0.015331,-0.006859,0.0,-0.006859,0.0,0.0,10.0,0.0
1776020665.3154244,73.891,-122.617096,2.5e-05,0.05643,-0.000247,0.0,-0.000247,0.0,0.0,10.0,0.0
1776020665.335919,73.911,-122.618294,0.00191,-0.240354,-0.019098,0.0,-0.019098,0.0,0.0,10.0,0.0
1776020665.3558853,73.931,-122.617271,0.000476,0.003065,-0.004765,0.0,-0.004765,0.0,0.0,10.0,0.0
1776020665.3760724,73.951,-122.617203,0.000379,-0.037888,-0.003793,0.0,-0.003793,0.0,0.0,10.0,0.0
1776020665.3953927,73.971,-122.616119,0.000863,-0.295808,-0.00863,0.0,-0.00863,0.0,0.0,10.0,0.0
1776020665.4157515,73.991,-122.615791,0.000426,-0.190659,-0.004262,0.0,-0.004262,0.0,0.0,10.0,0.0
1776020665.4354146,74.011,-122.61573,0.000614,-0.204159,-0.006137,0.0,-0.006137,0.0,0.0,10.0,0.0
1776020665.4555542,74.031,-122.615356,-0.000183,0.051161,0.001827,0.0,0.001827,0.0,0.0,10.0,0.0
1776020665.4755392,74.051,-122.617172,-0.000503,0.148132,0.005028,0.0,0.005028,0.0,0.0,10.0,0.0
1776020665.49599,74.071,-122.616272,-0.00129,0.23201,0.012904,0.0,0.012904,0.0,0.0,10.0,0.0
1776020665.5158002,74.091,-122.618019,0.000186,0.015561,-0.001861,0.0,-0.001861,0.0,0.0,10.0,0.0
1776020665.536589,74.111,-122.617691,-0.000744,0.117918,0.007435,0.0,0.007435,0.0,0.0,10.0,0.0
1776020665.5572643,74.131,-122.620003,-0.000893,0.029481,0.008927,0.0,0.008927,0.0,0.0,10.0,0.0
1776020665.5757518,74.151,-122.619835,0.000105,-0.189004,-0.001049,0.0,-0.001049,0.0,0.0,10.0,0.0
1776020665.5957463,74.171,-122.621437,-0.000219,-0.149503,0.002186,0.0,0.002186,0.0,0.0,10.0,0.0
1776020665.616359,74.191,-122.620468,0.001614,-0.445698,-0.016136,0.0,-0.016136,0.0,0.0,10.0,0.0
1776020665.6354299,74.211,-122.62178,0.000734,-0.21855,-0.007338,0.0,-0.007338,0.0,0.0,10.0,0.0
1776020665.6557682,74.231,-122.620361,0.001119,-0.240856,-0.011194,0.0,-0.011194,0.0,0.0,10.0,0.0
1776020665.675839,74.251,-122.620728,0.000253,0.087518,-0.002534,0.0,-0.002534,0.0,0.0,10.0,0.0
1776020665.6961775,74.271,-122.619568,0.00117,-0.008284,-0.011703,0.0,-0.011703,0.0,0.0,10.0,0.0
1776020665.715358,74.291,-122.620102,0.001049,-0.144858,-0.010487,0.0,-0.010487,0.0,0.0,10.0,0.0
1776020665.7357633,74.311,-122.62056,0.000318,0.003956,-0.003184,0.0,-0.003184,0.0,0.0,10.0,0.0
1776020665.7553868,74.331,-122.622025,0.000551,-0.087591,-0.005509,0.0,-0.005509,0.0,0.0,10.0,0.0
1776020665.775524,74.351,-122.623169,0.000199,0.151355,-0.001992,0.0,-0.001992,0.0,0.0,10.0,0.0
1776020665.795246,74.371,-122.622841,-0.000488,0.188866,0.004875,0.0,0.004875,0.0,0.0,10.0,0.0
1776020665.8162885,74.391,-122.624344,-0.000239,0.201695,0.002389,0.0,0.002389,0.0,0.0,10.0,0.0
1776020665.835626,74.411,-122.624603,-0.000652,0.261877,0.006522,0.0,0.006522,0.0,0.0,10.0,0.0
1776020665.8557677,74.431,-122.625381,-0.000193,-3.2e-05,0.001927,0.0,0.001927,0.0,0.0,10.0,0.0
1776020665.875787,74.451,-122.624893,-0.000227,-0.057725,0.002273,0.0,0.002273,0.0,0.0,10.0,0.0
1776020665.8963919,74.471,-122.623253,-0.000318,-0.011963,0.003179,0.0,0.003179,0.0,0.0,10.0,0.0
1776020665.915245,74.491,-122.623337,-6.6e-05,0.051384,0.000658,0.0,0.000658,0.0,0.0,10.0,0.0
1776020665.9357336,74.511,-122.626862,0.001057,-0.320449,-0.010568,0.0,-0.010568,0.0,0.0,10.0,0.0
1776020665.955843,74.531,-122.628922,0.000934,-0.316129,-0.009337,0.0,-0.009337,0.0,0.0,10.0,0.0
1776020665.9761796,74.551,-122.62944,-0.000448,0.023946,0.004476,0.0,0.004476,0.0,0.0,10.0,0.0
1776020665.9954112,74.571,-122.627846,-0.000376,0.10998,0.003758,0.0,0.003758,0.0,0.0,10.0,0.0
1776020666.0152702,74.591,-122.629097,6e-05,0.12664,-0.000603,0.0,-0.000603,0.0,0.0,10.0,0.0
1776020666.0353394,74.611,-122.628349,0.000865,-0.070532,-0.00865,0.0,-0.00865,0.0,0.0,10.0,0.0
1776020666.0561235,74.631,-122.629143,-0.001405,0.416623,0.014047,0.0,0.014047,0.0,0.0,10.0,0.0
1776020666.0753055,74.651,-122.630234,0.000754,0.15198,-0.00754,0.0,-0.00754,0.0,0.0,10.0,0.0
1776020666.0952785,74.671,-122.629494,0.000419,-0.09121,-0.004194,0.0,-0.004194,0.0,0.0,10.0,0.0
1776020666.1165917,74.691,-122.629936,0.00055,-0.198127,-0.005498,0.0,-0.005498,0.0,0.0,10.0,0.0
1776020666.1360688,74.711,-122.628906,-3.7e-05,-0.022594,0.00037,0.0,0.00037,0.0,0.0,10.0,0.0
1776020666.1556005,74.731,-122.629608,0.000265,-0.026642,-0.002648,0.0,-0.002648,0.0,0.0,10.0,0.0
1776020666.1752622,74.751,-122.628761,0.00068,-0.299782,-0.006799,0.0,-0.006799,0.0,0.0,10.0,0.0
1776020666.1957655,74.771,-122.630699,0.000505,-0.254686,-0.005051,0.0,-0.005051,0.0,0.0,10.0,0.0
1776020666.2168767,74.791,-122.629616,0.000125,-0.229083,-0.001248,0.0,-0.001248,0.0,0.0,10.0,0.0
1776020666.2368755,74.811,-122.63044,-1.6e-05,-0.107189,0.000156,0.0,0.000156,0.0,0.0,10.0,0.0
1776020666.2564461,74.831,-122.628937,-0.002013,0.379395,0.020126,0.0,0.020126,0.0,0.0,10.0,0.0
1776020666.275655,74.851,-122.630547,0.00048,0.186978,-0.004802,0.0,-0.004802,0.0,0.0,10.0,0.0
1776020666.2950428,74.871,-122.628212,5e-05,0.035694,-0.0005,0.0,-0.0005,0.0,0.0,10.0,0.0
1776020666.3157084,74.891,-122.628593,0.001591,-0.313871,-0.015914,0.0,-0.015914,0.0,0.0,10.0,0.0
1776020666.335743,74.911,-122.628502,0.000641,-0.295304,-0.006409,0.0,-0.006409,0.0,0.0,10.0,0.0
1776020666.3556085,74.931,-122.630028,-0.000282,-0.12292,0.002824,0.0,0.002824,0.0,0.0,10.0,0.0
1776020666.3757355,74.951,-122.628815,-0.000482,0.018274,0.004818,0.0,0.004818,0.0,0.0,10.0,0.0
1776020666.3957882,74.971,-122.628059,-0.0,0.126641,4e-06,0.0,4e-06,0.0,0.0,10.0,0.0
1776020666.41551,74.991,-122.626244,-0.000202,0.256088,0.002019,0.0,0.002019,0.0,0.0,10.0,0.0
1776020666.4357896,75.011,-122.627258,0.000524,-0.033465,-0.005236,0.0,-0.005236,0.0,0.0,10.0,0.0
1776020666.455798,75.031,-122.62619,0.000483,-0.057184,-0.004829,0.0,-0.004829,0.0,0.0,10.0,0.0
1776020666.4757397,75.051,-122.626808,0.000622,0.060106,-0.006222,0.0,-0.006222,0.0,0.0,10.0,0.0
1776020666.4960747,75.071,-122.628197,0.000621,0.028634,-0.006212,0.0,-0.006212,0.0,0.0,10.0,0.0
1776020666.5154948,75.091,-122.626602,-0.001147,0.273789,0.011465,0.0,0.011465,0.0,0.0,10.0,0.0
1776020666.5357454,75.111,-122.628227,0.000178,0.092926,-0.001779,0.0,-0.001779,0.0,0.0,10.0,0.0
1776020666.5557077,75.131,-122.627846,-0.000152,0.038884,0.001522,0.0,0.001522,0.0,0.0,10.0,0.0
1776020666.5761395,75.151,-122.629227,0.000247,-0.044612,-0.002466,0.0,-0.002466,0.0,0.0,10.0,0.0
1776020666.595421,75.171,-122.628525,-0.000492,0.02263,0.00492,0.0,0.00492,0.0,0.0,10.0,0.0
1776020666.6157722,75.191,-122.630371,-0.000275,0.096734,0.002746,0.0,0.002746,0.0,0.0,10.0,0.0
1776020666.6357112,75.211,-122.629868,0.000408,-0.039302,-0.004079,0.0,-0.004079,0.0,0.0,10.0,0.0
1776020666.6557543,75.231,-122.630356,0.000146,0.044015,-0.001459,0.0,-0.001459,0.0,0.0,10.0,0.0
1776020666.6756692,75.251,-122.628799,0.000591,-0.028995,-0.005905,0.0,-0.005905,0.0,0.0,10.0,0.0
1776020666.6957965,75.271,-122.629608,5.4e-05,-0.029424,-0.000538,0.0,-0.000538,0.0,0.0,10.0,0.0
1776020666.7155972,75.291,-122.627815,0.00134,-0.369476,-0.013396,0.0,-0.013396,0.0,0.0,10.0,0.0
1776020666.7358248,75.311,-122.626968,0.001075,-0.302461,-0.010754,0.0,-0.010754,0.0,0.0,10.0,0.0
1776020666.7557464,75.331,-122.626816,0.000425,-0.083983,-0.00425,0.0,-0.00425,0.0,0.0,10.0,0.0
1776020666.775795,75.351,-122.627922,0.000475,-0.047244,-0.004748,0.0,-0.004748,0.0,0.0,10.0,0.0
1776020666.7953167,75.371,-122.625443,0.001105,-0.150833,-0.011048,0.0,-0.011048,0.0,0.0,10.0,0.0
1776020666.816263,75.391,-122.62709,-0.000713,0.252435,0.00713,0.0,0.00713,0.0,0.0,10.0,0.0
1776020666.8350768,75.411,-122.627144,-0.000179,0.31659,0.001788,0.0,0.001788,0.0,0.0,10.0,0.0
1776020666.8555205,75.431,-122.625427,0.000105,0.179815,-0.001053,0.0,-0.001053,0.0,0.0,10.0,0.0
1776020666.875072,75.451,-122.62645,0.001731,-0.399724,-0.017305,0.0,-0.017305,0.0,0.0,10.0,0.0
1776020666.895555,75.471,-122.627243,0.000875,-0.542873,-0.008748,0.0,-0.008748,0.0,0.0,10.0,0.0
1776020666.9155385,75.491,-122.628265,0.00147,-0.579742,-0.014701,0.0,-0.014701,0.0,0.0,10.0,0.0
1776020666.9358354,75.511,-122.628227,-0.000426,0.095238,0.004264,0.0,0.004264,0.0,0.0,10.0,0.0
1776020666.9552104,75.531,-122.629059,-0.000901,0.380604,0.009012,0.0,0.009012,0.0,0.0,10.0,0.0
1776020666.9757237,75.551,-122.626762,-0.001596,0.554521,0.015962,0.0,0.015962,0.0,0.0,10.0,0.0
1776020666.9956963,75.571,-122.628662,-0.000868,0.2352,0.008681,0.0,0.008681,0.0,0.0,10.0,0.0
1776020667.0163898,75.591,-122.627731,-0.000238,0.33358,0.002383,0.0,0.002383,0.0,0.0,10.0,0.0
1776020667.0361385,75.611,-122.627792,-0.000147,0.11531,0.00147,0.0,0.00147,0.0,0.0,10.0,0.0
1776020667.055313,75.631,-122.625481,-0.000406,0.085259,0.004055,0.0,0.004055,0.0,0.0,10.0,0.0
1776020667.0755105,75.651,-122.623734,0.000719,-0.187255,-0.00719,0.0,-0.00719,0.0,0.0,10.0,0.0
1776020667.096098,75.671,-122.623291,0.001231,-0.411714,-0.012307,0.0,-0.012307,0.0,0.0,10.0,0.0
1776020667.1156368,75.691,-122.623306,0.001662,-0.682876,-0.016622,0.0,-0.016622,0.0,0.0,10.0,0.0
1776020667.1359994,75.711,-122.624077,0.000373,-0.395724,-0.003726,0.0,-0.003726,0.0,0.0,10.0,0.0
1776020667.155843,75.731,-122.624344,9.9e-05,-0.022343,-0.000986,0.0,-0.000986,0.0,0.0,10.0,0.0
1776020667.1759553,75.751,-122.623375,0.000733,-0.107323,-0.007332,0.0,-0.007332,0.0,0.0,10.0,0.0
1776020667.1954372,75.771,-122.622421,-0.000147,-0.049893,0.001468,0.0,0.001468,0.0,0.0,10.0,0.0
1776020667.2150989,75.791,-122.623215,-0.001102,-0.058073,0.011018,0.0,0.011018,0.0,0.0,10.0,0.0
1776020667.235714,75.811,-122.621902,-0.001236,0.20496,0.012362,0.0,0.012362,0.0,0.0,10.0,0.0
1776020667.2569098,75.831,-122.622902,-0.000644,0.311108,0.006436,0.0,0.006436,0.0,0.0,10.0,0.0
1776020667.2755003,75.851,-122.623497,-0.000897,0.212657,0.008974,0.0,0.008974,0.0,0.0,10.0,0.0
1776020667.2958796,75.871,-122.626244,-0.000292,0.040862,0.002922,0.0,0.002922,0.0,0.0,10.0,0.0
1776020667.3158998,75.891,-122.625427,-0.000499,0.015963,0.004985,0.0,0.004985,0.0,0.0,10.0,0.0
1776020667.3354037,75.911,-122.626694,0.000421,-0.188337,-0.004213,0.0,-0.004213,0.0,0.0,10.0,0.0
1776020667.3551462,75.931,-122.626846,0.001154,-0.419518,-0.01154,0.0,-0.01154,0.0,0.0,10.0,0.0
1776020667.3756294,75.951,-122.627419,0.000927,-0.333907,-0.009267,0.0,-0.009267,0.0,0.0,10.0,0.0
1776020667.3956382,75.971,-122.625755,0.00013,-0.006793,-0.001301,0.0,-0.001301,0.0,0.0,10.0,0.0
1776020667.4156694,75.991,-122.62648,0.000506,0.077563,-0.005055,0.0,-0.005055,0.0,0.0,10.0,0.0
1776020667.4354591,76.011,-122.624252,0.001428,-0.215764,-0.014278,0.0,-0.014278,0.0,0.0,10.0,0.0
1776020667.4557137,76.031,-122.62355,0.00102,-0.14289,-0.010197,0.0,-0.010197,0.0,0.0,10.0,0.0
1776020667.4754937,76.051,-122.622612,9e-06,0.040402,-8.9e-05,0.0,-8.9e-05,0.0,0.0,10.0,0.0
1776020667.4956996,76.071,-122.621407,0.000113,0.131592,-0.001126,0.0,-0.001126,0.0,0.0,10.0,0.0
1776020667.5156918,76.091,-122.619743,0.0012,-0.145138,-0.011996,0.0,-0.011996,0.0,0.0,10.0,0.0
1776020667.5357585,76.111,-122.61834,0.000681,-0.173902,-0.006813,0.0,-0.006813,0.0,0.0,10.0,0.0
1776020667.5557938,76.131,-122.61895,0.000142,0.078262,-0.001422,0.0,-0.001422,0.0,0.0,10.0,0.0
1776020667.5762706,76.151,-122.618019,-0.000442,0.113014,0.004425,0.0,0.004425,0.0,0.0,10.0,0.0
1776020667.5954049,76.171,-122.619347,0.000382,0.005395,-0.003819,0.0,-0.003819,0.0,0.0,10.0,0.0
1776020667.6157732,76.191,-122.619141,-0.000727,0.268183,0.00727,0.0,0.00727,0.0,0.0,10.0,0.0
1776020667.6358974,76.211,-122.619278,-0.001355,0.398169,0.013551,0.0,0.013551,0.0,0.0,10.0,0.0
1776020667.6558855,76.231,-122.618065,-0.000261,0.118656,0.002612,0.0,0.002612,0.0,0.0,10.0,0.0
1776020667.6751227,76.251,-122.619637,-0.000178,0.024942,0.001776,0.0,0.001776,0.0,0.0,10.0,0.0
1776020667.6959465,76.271,-122.617294,0.000127,-0.045498,-0.001268,0.0,-0.001268,0.0,0.0,10.0,0.0
1776020667.7157829,76.291,-122.617447,0.000673,-0.081402,-0.006728,0.0,-0.006728,0.0,0.0,10.0,0.0
1776020667.736306,76.311,-122.614883,0.00046,-0.246282,-0.004601,0.0,-0.004601,0.0,0.0,10.0,0.0
1776020667.7554026,76.331,-122.615387,0.000297,-0.371562,-0.00297,0.0,-0.00297,0.0,0.0,10.0,0.0
1776020667.7756095,76.351,-122.616081,3.7e-05,-0.041416,-0.000373,0.0,-0.000373,0.0,0.0,10.0,0.0
1776020667.7952201,76.371,-122.615181,0.001384,-0.17944,-0.013845,0.0,-0.013845,0.0,0.0,10.0,0.0
1776020667.816096,76.391,-122.612984,1e-05,0.000151,-9.9e-05,0.0,-9.9e-05,0.0,0.0,10.0,0.0
1776020667.8362148,76.411,-122.612572,2e-05,-0.009333,-0.000202,0.0,-0.000202,0.0,0.0,10.0,0.0
1776020667.8559844,76.431,-122.612534,-0.000397,0.09073,0.00397,0.0,0.00397,0.0,0.0,10.0,0.0
1776020667.875349,76.451,-122.611969,0.000445,-0.027226,-0.004448,0.0,-0.004448,0.0,0.0,10.0,0.0
1776020667.8955069,76.471,-122.612534,0.000439,-0.030489,-0.004389,0.0,-0.004389,0.0,0.0,10.0,0.0
1776020667.9155967,76.491,-122.610703,8.9e-05,-0.037873,-0.000891,0.0,-0.000891,0.0,0.0,10.0,0.0
1776020667.936473,76.511,-122.611168,-0.001546,0.305757,0.01546,0.0,0.01546,0.0,0.0,10.0,0.0
1776020667.9550912,76.531,-122.610947,-0.000613,0.262484,0.006134,0.0,0.006134,0.0,0.0,10.0,0.0
1776020667.9754872,76.551,-122.612938,-0.000507,0.154454,0.00507,0.0,0.00507,0.0,0.0,10.0,0.0
1776020667.9956615,76.571,-122.610985,-0.001201,0.154423,0.012012,0.0,0.012012,0.0,0.0,10.0,0.0
1776020668.015495,76.591,-122.614006,-0.001085,0.178948,0.010849,0.0,0.010849,0.0,0.0,10.0,0.0
1776020668.0363212,76.611,-122.614075,-0.000745,0.203314,0.007452,0.0,0.007452,0.0,0.0,10.0,0.0
1776020668.055892,76.631,-122.615334,0.000301,-0.041869,-0.003006,0.0,-0.003006,0.0,0.0,10.0,0.0
1776020668.0757434,76.651,-122.613899,6.2e-05,-0.106142,-0.000622,0.0,-0.000622,0.0,0.0,10.0,0.0
1776020668.0961998,76.671,-122.614471,0.000137,0.03606,-0.001375,0.0,-0.001375,0.0,0.0,10.0,0.0
1776020668.1153927,76.691,-122.613174,0.000541,-0.16564,-0.005406,0.0,-0.005406,0.0,0.0,10.0,0.0
1776020668.1360476,76.711,-122.613922,0.001114,-0.340461,-0.011135,0.0,-0.011135,0.0,0.0,10.0,0.0
1776020668.155342,76.731,-122.613052,0.000145,-0.360668,-0.001455,0.0,-0.001455,0.0,0.0,10.0,0.0
1776020668.1755462,76.751,-122.612297,0.000534,-0.211146,-0.005343,0.0,-0.005343,0.0,0.0,10.0,0.0
1776020668.1954854,76.771,-122.611671,-0.000388,0.170513,0.00388,0.0,0.00388,0.0,0.0,10.0,0.0
1776020668.2155316,76.791,-122.612762,5.9e-05,0.207639,-0.000587,0.0,-0.000587,0.0,0.0,10.0,0.0
1776020668.2375886,76.811,-122.610344,-0.000631,0.33236,0.006306,0.0,0.006306,0.0,0.0,10.0,0.0
1776020668.25525,76.831,-122.608772,-0.00037,0.221112,0.003696,0.0,0.003696,0.0,0.0,10.0,0.0
1776020668.276673,76.851,-122.609169,-0.000522,0.16967,0.005219,0.0,0.005219,0.0,0.0,10.0,0.0
1776020668.295271,76.871,-122.607712,-0.00023,0.063713,0.002296,0.0,0.002296,0.0,0.0,10.0,0.0
1776020668.3157995,76.891,-122.607529,-0.000653,0.07218,0.006528,0.0,0.006528,0.0,0.0,10.0,0.0
1776020668.335696,76.911,-122.605072,-0.000741,0.104097,0.007408,0.0,0.007408,0.0,0.0,10.0,0.0
1776020668.356442,76.931,-122.60675,-0.00075,-0.044436,0.007496,0.0,0.007496,0.0,0.0,10.0,0.0
1776020668.3760383,76.951,-122.605957,0.000242,-0.195575,-0.002423,0.0,-0.002423,0.0,0.0,10.0,0.0
1776020668.3956842,76.971,-122.606194,-0.000414,-0.1209,0.004138,0.0,0.004138,0.0,0.0,10.0,0.0
1776020668.4149313,76.991,-122.60659,-0.000281,0.07553,0.002815,0.0,0.002815,0.0,0.0,10.0,0.0
1776020668.4354925,77.011,-122.608475,0.000159,0.028377,-0.001586,0.0,-0.001586,0.0,0.0,10.0,0.0
1776020668.4555616,77.031,-122.605713,-0.000253,0.039269,0.002534,0.0,0.002534,0.0,0.0,10.0,0.0
1776020668.4762447,77.051,-122.603966,0.000461,-0.029877,-0.004611,0.0,-0.004611,0.0,0.0,10.0,0.0
1776020668.495779,77.071,-122.602692,0.001065,-0.082013,-0.010646,0.0,-0.010646,0.0,0.0,10.0,0.0
1776020668.5157912,77.091,-122.601715,0.000874,-0.278715,-0.008736,0.0,-0.008736,0.0,0.0,10.0,0.0
1776020668.535896,77.111,-122.601318,0.00046,-0.228903,-0.004601,0.0,-0.004601,0.0,0.0,10.0,0.0
1776020668.5561934,77.131,-122.602844,0.000361,-0.138408,-0.00361,0.0,-0.00361,0.0,0.0,10.0,0.0
1776020668.5753317,77.151,-122.603279,0.000629,-0.041889,-0.006289,0.0,-0.006289,0.0,0.0,10.0,0.0
1776020668.5957406,77.171,-122.603348,-0.000948,0.091962,0.009475,0.0,0.009475,0.0,0.0,10.0,0.0
1776020668.6157417,77.191,-122.604347,-0.002023,0.419507,0.020228,0.0,0.020228,0.0,0.0,10.0,0.0
1776020668.6366243,77.211,-122.602966,-0.000691,0.289763,0.006906,0.0,0.006906,0.0,0.0,10.0,0.0
1776020668.6557353,77.231,-122.602081,-0.000471,0.13716,0.004705,0.0,0.004705,0.0,0.0,10.0,0.0
1776020668.6756685,77.251,-122.600754,-0.000416,0.042292,0.004159,0.0,0.004159,0.0,0.0,10.0,0.0
1776020668.6957786,77.271,-122.602928,-0.000949,-0.033076,0.009495,0.0,0.009495,0.0,0.0,10.0,0.0
1776020668.7164311,77.291,-122.600304,-0.001576,0.356756,0.015759,0.0,0.015759,0.0,0.0,10.0,0.0
1776020668.735279,77.311,-122.60025,5.3e-05,0.073626,-0.00053,0.0,-0.00053,0.0,0.0,10.0,0.0
1776020668.75526,77.331,-122.59864,-4.5e-05,-0.016384,0.000445,0.0,0.000445,0.0,0.0,10.0,0.0
1776020668.775807,77.351,-122.599319,0.000713,-0.403764,-0.007127,0.0,-0.007127,0.0,0.0,10.0,0.0
1776020668.7960105,77.371,-122.597023,0.000631,-0.253033,-0.006306,0.0,-0.006306,0.0,0.0,10.0,0.0
1776020668.8155806,77.391,-122.596832,4.4e-05,-0.022844,-0.000442,0.0,-0.000442,0.0,0.0,10.0,0.0
1776020668.8361845,77.411,-122.594666,0.000375,-0.107323,-0.003752,0.0,-0.003752,0.0,0.0,10.0,0.0
1776020668.8560119,77.431,-122.59317,-8.6e-05,-0.058544,0.000863,0.0,0.000863,0.0,0.0,10.0,0.0
1776020668.87652,77.451,-122.590904,-0.000472,0.083124,0.004717,0.0,0.004717,0.0,0.0,10.0,0.0
1776020668.895977,77.471,-122.58976,0.000318,0.092744,-0.003181,0.0,-0.003181,0.0,0.0,10.0,0.0
1776020668.9162295,77.491,-122.590401,0.000538,-0.071856,-0.005384,0.0,-0.005384,0.0,0.0,10.0,0.0
1776020668.9352808,77.511,-122.589966,-0.000609,0.063578,0.006086,0.0,0.006086,0.0,0.0,10.0,0.0
1776020668.9549196,77.531,-122.591347,-0.000842,0.168615,0.008419,0.0,0.008419,0.0,0.0,10.0,0.0
1776020668.9755251,77.551,-122.588379,0.000292,0.027313,-0.002922,0.0,-0.002922,0.0,0.0,10.0,0.0
1776020668.9956481,77.571,-122.590225,-0.000804,0.212574,0.008037,0.0,0.008037,0.0,0.0,10.0,0.0
1776020669.0159035,77.591,-122.588722,0.000762,-0.095868,-0.00762,0.0,-0.00762,0.0,0.0,10.0,0.0
1776020669.0364213,77.611,-122.589279,-0.000567,0.06838,0.005673,0.0,0.005673,0.0,0.0,10.0,0.0
1776020669.0554857,77.631,-122.587669,-0.000115,-0.009012,0.001149,0.0,0.001149,0.0,0.0,10.0,0.0
1776020669.0755198,77.651,-122.588104,0.000147,-0.16304,-0.001473,0.0,-0.001473,0.0,0.0,10.0,0.0
1776020669.0953724,77.671,-122.58606,0.000164,-0.122146,-0.001642,0.0,-0.001642,0.0,0.0,10.0,0.0
1776020669.1153545,77.691,-122.586342,-0.000323,0.058091,0.003226,0.0,0.003226,0.0,0.0,10.0,0.0
1776020669.135958,77.711,-122.585213,-0.000381,0.229072,0.003806,0.0,0.003806,0.0,0.0,10.0,0.0
1776020669.1560402,77.731,-122.585388,0.000657,0.033385,-0.006567,0.0,-0.006567,0.0,0.0,10.0,0.0
1776020669.1757405,77.751,-122.583488,0.001081,-0.157894,-0.010809,0.0,-0.010809,0.0,0.0,10.0,0.0
1776020669.195882,77.771,-122.582344,0.000359,-0.076427,-0.003591,0.0,-0.003591,0.0,0.0,10.0,0.0
1776020669.2157016,77.791,-122.579758,-0.000606,0.346692,0.006056,0.0,0.006056,0.0,0.0,10.0,0.0
1776020669.2376196,77.811,-122.579933,0.000226,0.075047,-0.002259,0.0,-0.002259,0.0,0.0,10.0,0.0
1776020669.2552707,77.831,-122.579086,0.000334,0.008655,-0.003339,0.0,-0.003339,0.0,0.0,10.0,0.0
1776020669.2758634,77.851,-122.577667,-0.000256,0.132027,0.002558,0.0,0.002558,0.0,0.0,10.0,0.0
1776020669.296315,77.871,-122.577461,-0.000135,0.02039,0.001352,0.0,0.001352,0.0,0.0,10.0,0.0
1776020669.3152966,77.891,-122.575882,-0.000502,-0.056954,0.005017,0.0,0.005017,0.0,0.0,10.0,0.0
1776020669.3358371,77.911,-122.579391,-0.001529,0.153738,0.015291,0.0,0.015291,0.0,0.0,10.0,0.0
1776020669.355743,77.931,-122.577492,-0.000207,-0.031245,0.00207,0.0,0.00207,0.0,0.0,10.0,0.0
1776020669.376193,77.951,-122.578979,-0.000373,0.149686,0.003726,0.0,0.003726,0.0,0.0,10.0,0.0
1776020669.3956323,77.971,-122.578514,-0.001381,0.274328,0.013811,0.0,0.013811,0.0,0.0,10.0,0.0
1776020669.4157248,77.991,-122.578888,-0.000429,0.133003,0.004289,0.0,0.004289,0.0,0.0,10.0,0.0
1776020669.4358275,78.011,-122.577522,-0.000382,0.16009,0.003818,0.0,0.003818,0.0,0.0,10.0,0.0
1776020669.4571028,78.031,-122.578461,-0.000123,0.049059,0.001227,0.0,0.001227,0.0,0.0,10.0,0.0
1776020669.4754336,78.051,-122.578079,-0.000645,-0.014992,0.006447,0.0,0.006447,0.0,0.0,10.0,0.0
1776020669.4956706,78.071,-122.577438,0.000253,-0.142434,-0.002525,0.0,-0.002525,0.0,0.0,10.0,0.0
1776020669.5153816,78.091,-122.575607,-0.000177,-0.022563,0.001767,0.0,0.001767,0.0,0.0,10.0,0.0
1776020669.536575,78.111,-122.577423,0.001015,-0.304402,-0.010147,0.0,-0.010147,0.0,0.0,10.0,0.0
1776020669.5552886,78.131,-122.577057,7.3e-05,-0.14021,-0.000729,0.0,-0.000729,0.0,0.0,10.0,0.0
1776020669.5757215,78.151,-122.577232,-0.00083,0.13232,0.008301,0.0,0.008301,0.0,0.0,10.0,0.0
1776020669.5957403,78.171,-122.577148,0.000364,0.006398,-0.003641,0.0,-0.003641,0.0,0.0,10.0,0.0
1776020669.6165266,78.191,-122.57753,-0.000244,0.054596,0.002441,0.0,0.002441,0.0,0.0,10.0,0.0
1776020669.6353734,78.211,-122.576782,-0.000299,-0.017196,0.002994,0.0,0.002994,0.0,0.0,10.0,0.0
1776020669.6557593,78.231,-122.57618,-0.000751,0.018179,0.007511,0.0,0.007511,0.0,0.0,10.0,0.0
1776020669.6758225,78.251,-122.577042,-0.000796,0.055828,0.007963,0.0,0.007963,0.0,0.0,10.0,0.0
1776020669.6960056,78.271,-122.576042,-0.000771,0.100726,0.007712,0.0,0.007712,0.0,0.0,10.0,0.0
1776020669.715695,78.291,-122.576874,-0.000305,0.148758,0.00305,0.0,0.00305,0.0,0.0,10.0,0.0
1776020669.7358782,78.311,-122.575302,-0.000953,0.109282,0.009526,0.0,0.009526,0.0,0.0,10.0,0.0
1776020669.7557411,78.331,-122.576454,-0.000545,0.058452,0.005446,0.0,0.005446,0.0,0.0,10.0,0.0
1776020669.7760928,78.351,-122.574715,0.000454,-0.07901,-0.004543,0.0,-0.004543,0.0,0.0,10.0,0.0
1776020669.7962286,78.371,-122.575363,0.000147,-0.126758,-0.001471,0.0,-0.001471,0.0,0.0,10.0,0.0
1776020669.815743,78.391,-122.573242,-5.9e-05,-0.142039,0.000588,0.0,0.000588,0.0,0.0,10.0,0.0
1776020669.8357391,78.411,-122.573433,1e-06,-0.183538,-5e-06,0.0,-5e-06,0.0,0.0,10.0,0.0
1776020669.8562274,78.431,-122.57222,0.000531,-0.187815,-0.005313,0.0,-0.005313,0.0,0.0,10.0,0.0
1776020669.8757362,78.451,-122.573326,0.000228,-0.102575,-0.002278,0.0,-0.002278,0.0,0.0,10.0,0.0
1776020669.8957047,78.471,-122.573418,-0.000432,0.139734,0.00432,0.0,0.00432,0.0,0.0,10.0,0.0
1776020669.9158888,78.491,-122.571861,0.00076,-0.019114,-0.007595,0.0,-0.007595,0.0,0.0,10.0,0.0
1776020669.9361136,78.511,-122.572121,-0.000791,0.181329,0.007909,0.0,0.007909,0.0,0.0,10.0,0.0
1776020669.955727,78.531,-122.571411,-0.000355,0.200353,0.003554,0.0,0.003554,0.0,0.0,10.0,0.0
1776020669.975804,78.551,-122.571754,5.1e-05,0.039321,-0.000514,0.0,-0.000514,0.0,0.0,10.0,0.0
1776020669.9971128,78.571,-122.572243,-0.001449,0.364803,0.014487,0.0,0.014487,0.0,0.0,10.0,0.0
1776020670.0151854,78.591,-122.573639,-0.000537,0.171197,0.005373,0.0,0.005373,0.0,0.0,10.0,0.0
1776020670.0352795,78.611,-122.572998,-0.001055,0.104327,0.010545,0.0,0.010545,0.0,0.0,10.0,0.0
1776020670.0556037,78.631,-122.573418,0.000121,-0.145256,-0.00121,0.0,-0.00121,0.0,0.0,10.0,0.0
1776020670.0762901,78.651,-122.571167,-0.000266,-0.061843,0.00266,0.0,0.00266,0.0,0.0,10.0,0.0
1776020670.0954046,78.671,-122.572899,-0.000327,-0.063191,0.003275,0.0,0.003275,0.0,0.0,10.0,0.0
1776020670.115326,78.691,-122.570076,0.000216,-0.153349,-0.002158,0.0,-0.002158,0.0,0.0,10.0,0.0
1776020670.1357832,78.711,-122.570869,-0.000333,0.051754,0.003328,0.0,0.003328,0.0,0.0,10.0,0.0
1776020670.1562765,78.731,-122.57074,0.00043,0.016745,-0.004296,0.0,-0.004296,0.0,0.0,10.0,0.0
1776020670.1754057,78.751,-122.57151,0.000303,-0.022449,-0.00303,0.0,-0.00303,0.0,0.0,10.0,0.0
1776020670.19573,78.771,-122.571617,0.000714,-0.2429,-0.007138,0.0,-0.007138,0.0,0.0,10.0,0.0
1776020670.215843,78.791,-122.572357,-0.000305,0.103716,0.003054,0.0,0.003054,0.0,0.0,10.0,0.0
1776020670.23816,78.811,-122.572113,-0.000425,0.164528,0.00425,0.0,0.00425,0.0,0.0,10.0,0.0
1776020670.2561643,78.831,-122.571548,5.1e-05,0.092466,-0.000509,0.0,-0.000509,0.0,0.0,10.0,0.0
1776020670.276138,78.851,-122.569992,0.000582,-0.025039,-0.005821,0.0,-0.005821,0.0,0.0,10.0,0.0
1776020670.2954643,78.871,-122.569107,-5e-05,-0.008494,0.000503,0.0,0.000503,0.0,0.0,10.0,0.0
1776020670.3157873,78.891,-122.569336,0.000786,-0.177422,-0.007859,0.0,-0.007859,0.0,0.0,10.0,0.0
1776020670.3358011,78.911,-122.566917,-0.00014,-0.108642,0.001403,0.0,0.001403,0.0,0.0,10.0,0.0
1776020670.3551412,78.931,-122.566757,-0.000243,0.012907,0.002432,0.0,0.002432,0.0,0.0,10.0,0.0
1776020670.3756938,78.951,-122.565086,-0.000893,0.105649,0.008927,0.0,0.008927,0.0,0.0,10.0,0.0
1776020670.3957791,78.971,-122.566483,-0.00039,0.157034,0.003902,0.0,0.003902,0.0,0.0,10.0,0.0
1776020670.4161196,78.991,-122.564392,-0.000418,-0.045256,0.004184,0.0,0.004184,0.0,0.0,10.0,0.0
1776020670.435786,79.011,-122.564827,-0.000373,-0.198073,0.003734,0.0,0.003734,0.0,0.0,10.0,0.0
1776020670.4557385,79.031,-122.56234,-0.000535,-0.061342,0.005346,0.0,0.005346,0.0,0.0,10.0,0.0
1776020670.4759629,79.051,-122.562927,0.000894,-0.191074,-0.008937,0.0,-0.008937,0.0,0.0,10.0,0.0
1776020670.4957614,79.071,-122.561264,0.000751,-0.138655,-0.007514,0.0,-0.007514,0.0,0.0,10.0,0.0
1776020670.51741,79.091,-122.562614,0.000317,-0.084568,-0.003171,0.0,-0.003171,0.0,0.0,10.0,0.0
1776020670.5366027,79.111,-122.562836,-0.000372,0.077799,0.00372,0.0,0.00372,0.0,0.0,10.0,0.0
1776020670.5558095,79.131,-122.563828,0.001653,-0.132976,-0.016526,0.0,-0.016526,0.0,0.0,10.0,0.0
1776020670.5742083,79.151,-122.561348,0.000728,-0.013362,-0.007277,0.0,-0.007277,0.0,0.0,10.0,0.0
1776020670.595225,79.171,-122.560951,9.8e-05,0.192737,-0.000978,0.0,-0.000978,0.0,0.0,10.0,0.0
1776020670.6152048,79.191,-122.558739,0.000114,0.188257,-0.00114,0.0,-0.00114,0.0,0.0,10.0,0.0
1776020670.6357734,79.211,-122.557671,0.000256,0.143741,-0.002563,0.0,-0.002563,0.0,0.0,10.0,0.0
1776020670.6558692,79.231,-122.557381,0.000728,-0.063002,-0.007282,0.0,-0.007282,0.0,0.0,10.0,0.0
1776020670.6759574,79.251,-122.556305,-0.000531,-0.009889,0.005313,0.0,0.005313,0.0,0.0,10.0,0.0
1776020670.695296,79.271,-122.557411,-0.000979,0.186741,0.009785,0.0,0.009785,0.0,0.0,10.0,0.0
1776020670.7149386,79.291,-122.556511,-0.000498,0.059431,0.00498,0.0,0.00498,0.0,0.0,10.0,0.0
1776020670.734908,79.311,-122.557503,-0.000142,0.063,0.001416,0.0,0.001416,0.0,0.0,10.0,0.0
1776020670.7549021,79.331,-122.553802,-0.001287,0.110861,0.012869,0.0,0.012869,0.0,0.0,10.0,0.0
1776020670.7749956,79.351,-122.552383,-1.2e-05,-0.253889,0.000118,0.0,0.000118,0.0,0.0,10.0,0.0
1776020670.7943256,79.371,-122.54818,0.000333,-0.359726,-0.003332,0.0,-0.003332,0.0,0.0,10.0,0.0
1776020670.813862,79.391,-122.545784,0.000218,-0.203989,-0.002177,0.0,-0.002177,0.0,0.0,10.0,0.0
1776020670.8348467,79.411,-122.542999,0.000778,-0.132968,-0.007778,0.0,-0.007778,0.0,0.0,10.0,0.0
1776020670.8549817,79.431,-122.54245,0.000323,-0.038604,-0.003231,0.0,-0.003231,0.0,0.0,10.0,0.0
1776020670.8753147,79.451,-122.541924,0.000715,-0.058785,-0.007147,0.0,-0.007147,0.0,0.0,10.0,0.0
1776020670.8952315,79.471,-122.544487,0.000113,0.06421,-0.001126,0.0,-0.001126,0.0,0.0,10.0,0.0
1776020670.9153624,79.491,-122.54248,0.001827,-0.091632,-0.018268,0.0,-0.018268,0.0,0.0,10.0,0.0
1776020670.936632,79.511,-122.541527,0.000521,0.135149,-0.005208,0.0,-0.005208,0.0,0.0,10.0,0.0
1776020670.9565697,79.531,-122.540115,7.3e-05,0.056613,-0.000727,0.0,-0.000727,0.0,0.0,10.0,0.0
1776020670.9761941,79.551,-122.53904,0.000613,-0.25428,-0.006133,0.0,-0.006133,0.0,0.0,10.0,0.0
1776020670.9961843,79.571,-122.537903,0.000622,-0.121345,-0.006224,0.0,-0.006224,0.0,0.0,10.0,0.0
1776020671.0152667,79.591,-122.534431,0.00034,-0.055608,-0.003397,0.0,-0.003397,0.0,0.0,10.0,0.0
1776020671.0350254,79.611,-122.534081,-0.000669,0.143678,0.006691,0.0,0.006691,0.0,0.0,10.0,0.0
1776020671.0540767,79.631,-122.533356,-0.000826,0.198921,0.008264,0.0,0.008264,0.0,0.0,10.0,0.0
1776020671.0742989,79.651,-122.532974,-0.000331,0.222702,0.003311,0.0,0.003311,0.0,0.0,10.0,0.0
1776020671.0946598,79.671,-122.531563,-0.001033,0.349422,0.010326,0.0,0.010326,0.0,0.0,10.0,0.0
1776020671.1146717,79.691,-122.531143,-0.000363,0.213499,0.003626,0.0,0.003626,0.0,0.0,10.0,0.0
1776020671.1359844,79.711,-122.52774,0.000498,-0.238311,-0.004984,0.0,-0.004984,0.0,0.0,10.0,0.0
1776020671.1556714,79.731,-122.530197,0.000431,-0.23888,-0.004313,0.0,-0.004313,0.0,0.0,10.0,0.0
1776020671.1753194,79.751,-122.530228,0.000322,-0.145645,-0.003217,0.0,-0.003217,0.0,0.0,10.0,0.0
1776020671.1958559,79.771,-122.531487,0.000273,-0.000447,-0.002729,0.0,-0.002729,0.0,0.0,10.0,0.0
1776020671.2145972,79.791,-122.528328,0.000185,0.045254,-0.001848,0.0,-0.001848,0.0,0.0,10.0,0.0
1776020671.233799,79.811,-122.528549,0.000484,0.181251,-0.004839,0.0,-0.004839,0.0,0.0,10.0,0.0
1776020671.2534964,79.831,-122.527756,0.000499,-0.005651,-0.004989,0.0,-0.004989,0.0,0.0,10.0,0.0
1776020671.2749257,79.851,-122.529694,0.000636,-0.14335,-0.006363,0.0,-0.006363,0.0,0.0,10.0,0.0
1776020671.295223,79.871,-122.528435,-0.000464,-0.055907,0.004641,0.0,0.004641,0.0,0.0,10.0,0.0
1776020671.3157318,79.891,-122.526962,-0.000248,0.074102,0.002476,0.0,0.002476,0.0,0.0,10.0,0.0
1776020671.3357532,79.911,-122.525032,0.000582,0.015864,-0.005815,0.0,-0.005815,0.0,0.0,10.0,0.0
1776020671.3566167,79.931,-122.524529,-0.000147,-0.038335,0.001467,0.0,0.001467,0.0,0.0,10.0,0.0
1776020671.3751583,79.951,-122.524628,-0.000412,0.002299,0.004122,0.0,0.004122,0.0,0.0,10.0,0.0
1776020671.39558,79.971,-122.521591,-0.000144,0.00213,0.001445,0.0,0.001445,0.0,0.0,10.0,0.0
1776020671.4157083,79.991,-122.520813,-0.000566,0.122416,0.005659,0.0,0.005659,0.0,0.0,10.0,0.0
1776020671.436153,80.011,-122.519135,0.000271,0.002057,-0.002706,0.0,-0.002706,0.0,0.0,10.0,0.0
1776020671.455769,80.031,-122.518723,-0.000156,-0.176632,0.001565,0.0,0.001565,0.0,0.0,10.0,0.0
1776020671.4756832,80.051,-122.517509,-0.000434,0.013961,0.004339,0.0,0.004339,0.0,0.0,10.0,0.0
1776020671.49585,80.071,-122.518959,-0.000103,-0.062261,0.001027,0.0,0.001027,0.0,0.0,10.0,0.0
1776020671.5164938,80.091,-122.516823,0.000627,-0.114759,-0.006271,0.0,-0.006271,0.0,0.0,10.0,0.0
1776020671.535509,80.111,-122.518494,0.000282,-0.05853,-0.002825,0.0,-0.002825,0.0,0.0,10.0,0.0
1776020671.5557585,80.131,-122.517082,0.000129,0.040533,-0.001294,0.0,-0.001294,0.0,0.0,10.0,0.0
1776020671.575899,80.151,-122.514793,0.001274,-0.176664,-0.012744,0.0,-0.012744,0.0,0.0,10.0,0.0
1776020671.5954733,80.171,-122.513435,0.001368,-0.373156,-0.013675,0.0,-0.013675,0.0,0.0,10.0,0.0
1776020671.6156938,80.191,-122.51416,0.001017,-0.34207,-0.010166,0.0,-0.010166,0.0,0.0,10.0,0.0
1776020671.636101,80.211,-122.512909,0.000961,-0.191418,-0.009607,0.0,-0.009607,0.0,0.0,10.0,0.0
1776020671.6554925,80.231,-122.514694,0.000356,-0.090533,-0.003558,0.0,-0.003558,0.0,0.0,10.0,0.0
1776020671.6756783,80.251,-122.514214,0.000795,-0.068938,-0.007951,0.0,-0.007951,0.0,0.0,10.0,0.0
1776020671.695845,80.271,-122.51255,0.000376,-0.003415,-0.00376,0.0,-0.00376,0.0,0.0,10.0,0.0
1776020671.7159908,80.291,-122.511551,0.000498,0.223331,-0.004978,0.0,-0.004978,0.0,0.0,10.0,0.0
1776020671.7357175,80.311,-122.51017,0.000344,0.01529,-0.003441,0.0,-0.003441,0.0,0.0,10.0,0.0
1776020671.7556758,80.331,-122.510025,-0.000505,0.147614,0.005048,0.0,0.005048,0.0,0.0,10.0,0.0
1776020671.7757022,80.351,-122.509773,2.6e-05,0.052904,-0.00026,0.0,-0.00026,0.0,0.0,10.0,0.0
1776020671.7970948,80.371,-122.51049,0.000736,-0.193547,-0.007359,0.0,-0.007359,0.0,0.0,10.0,0.0
1776020671.815873,80.391,-122.507629,-0.001079,0.069752,0.010792,0.0,0.010792,0.0,0.0,10.0,0.0
1776020671.8357558,80.411,-122.507484,0.00032,0.025948,-0.003196,0.0,-0.003196,0.0,0.0,10.0,0.0
1776020671.8557355,80.431,-122.505341,-0.000176,0.081273,0.001762,0.0,0.001762,0.0,0.0,10.0,0.0
1776020671.8762712,80.451,-122.503929,0.000587,-0.122603,-0.00587,0.0,-0.00587,0.0,0.0,10.0,0.0
1776020671.895433,80.471,-122.502838,0.000338,-0.131113,-0.00338,0.0,-0.00338,0.0,0.0,10.0,0.0
1776020671.915664,80.491,-122.503563,-0.000388,0.150198,0.00388,0.0,0.00388,0.0,0.0,10.0,0.0
1776020671.935725,80.511,-122.502632,9.3e-05,0.209466,-0.000931,0.0,-0.000931,0.0,0.0,10.0,0.0
1776020671.9564037,80.531,-122.505226,0.000829,0.111262,-0.008293,0.0,-0.008293,0.0,0.0,10.0,0.0
1776020671.9752226,80.551,-122.504257,0.000698,-0.092675,-0.006982,0.0,-0.006982,0.0,0.0,10.0,0.0
1776020671.9957287,80.571,-122.502548,0.000641,-0.135846,-0.006408,0.0,-0.006408,0.0,0.0,10.0,0.0
1776020672.0157387,80.591,-122.501678,0.000411,-0.173147,-0.004114,0.0,-0.004114,0.0,0.0,10.0,0.0
1776020672.0361726,80.611,-122.500626,7.7e-05,-0.014778,-0.000771,0.0,-0.000771,0.0,0.0,10.0,0.0
1776020672.0553424,80.631,-122.499146,0.000247,-0.014087,-0.002473,0.0,-0.002473,0.0,0.0,10.0,0.0
1776020672.075389,80.651,-122.498688,-0.000274,0.084866,0.002739,0.0,0.002739,0.0,0.0,10.0,0.0
1776020672.095865,80.671,-122.500107,-0.000818,0.056906,0.008181,0.0,0.008181,0.0,0.0,10.0,0.0
1776020672.1151726,80.691,-122.499344,0.000875,-0.070042,-0.008748,0.0,-0.008748,0.0,0.0,10.0,0.0
1776020672.135683,80.711,-122.499672,-0.000193,-0.00285,0.001928,0.0,0.001928,0.0,0.0,10.0,0.0
1776020672.1557171,80.731,-122.498756,-0.000418,0.011499,0.004176,0.0,0.004176,0.0,0.0,10.0,0.0
1776020672.1750658,80.751,-122.498055,-0.000523,0.013204,0.005228,0.0,0.005228,0.0,0.0,10.0,0.0
1776020672.1954947,80.771,-122.495773,0.000449,-0.191993,-0.004493,0.0,-0.004493,0.0,0.0,10.0,0.0
1776020672.215606,80.791,-122.495544,0.000225,-0.142688,-0.002249,0.0,-0.002249,0.0,0.0,10.0,0.0
1776020672.2362938,80.811,-122.49263,-0.000293,0.08382,0.002934,0.0,0.002934,0.0,0.0,10.0,0.0
1776020672.2556198,80.831,-122.492088,0.000358,-0.031637,-0.003583,0.0,-0.003583,0.0,0.0,10.0,0.0
1776020672.276473,80.851,-122.489998,0.000664,-0.110788,-0.006639,0.0,-0.006639,0.0,0.0,10.0,0.0
1776020672.295563,80.871,-122.489479,0.001223,-0.188066,-0.012234,0.0,-0.012234,0.0,0.0,10.0,0.0
1776020672.3165169,80.891,-122.488586,0.001283,-0.256553,-0.012831,0.0,-0.012831,0.0,0.0,10.0,0.0
1776020672.3355591,80.911,-122.487854,0.000313,-0.025673,-0.003128,0.0,-0.003128,0.0,0.0,10.0,0.0
1776020672.3555176,80.931,-122.486595,-0.000205,0.151559,0.002054,0.0,0.002054,0.0,0.0,10.0,0.0
1776020672.3757727,80.951,-122.484283,0.000953,-0.017654,-0.009527,0.0,-0.009527,0.0,0.0,10.0,0.0
1776020672.3962212,80.971,-122.482323,0.001249,-0.226598,-0.012485,0.0,-0.012485,0.0,0.0,10.0,0.0
1776020672.4152837,80.991,-122.480965,0.000618,-0.147417,-0.006184,0.0,-0.006184,0.0,0.0,10.0,0.0
1776020672.4355001,81.011,-122.480789,-0.000943,0.197626,0.009434,0.0,0.009434,0.0,0.0,10.0,0.0
1776020672.455707,81.031,-122.479164,0.000491,-0.074036,-0.004911,0.0,-0.004911,0.0,0.0,10.0,0.0
1776020672.4767225,81.051,-122.476608,0.000268,-0.150802,-0.002684,0.0,-0.002684,0.0,0.0,10.0,0.0
1776020672.4957547,81.071,-122.475014,-0.001097,0.226001,0.010971,0.0,0.010971,0.0,0.0,10.0,0.0
1776020672.5158238,81.091,-122.474686,-0.000707,0.17036,0.007068,0.0,0.007068,0.0,0.0,10.0,0.0
1776020672.5358286,81.111,-122.471375,-0.000313,0.086027,0.00313,0.0,0.00313,0.0,0.0,10.0,0.0
1776020672.5553036,81.131,-122.471565,0.000616,-0.080092,-0.006161,0.0,-0.006161,0.0,0.0,10.0,0.0
1776020672.5757017,81.151,-122.468727,-0.000374,-0.015075,0.003735,0.0,0.003735,0.0,0.0,10.0,0.0
1776020672.5957549,81.171,-122.468102,0.000872,-0.161949,-0.008723,0.0,-0.008723,0.0,0.0,10.0,0.0
1776020672.6161578,81.191,-122.465721,0.000199,0.036173,-0.001986,0.0,-0.001986,0.0,0.0,10.0,0.0
1776020672.6359487,81.211,-122.465805,-6.7e-05,0.093338,0.000666,0.0,0.000666,0.0,0.0,10.0,0.0
1776020672.656836,81.231,-122.46347,0.000324,0.069057,-0.003235,0.0,-0.003235,0.0,0.0,10.0,0.0
1776020672.6759472,81.251,-122.463509,0.001154,-0.102078,-0.011544,0.0,-0.011544,0.0,0.0,10.0,0.0
1776020672.695506,81.271,-122.461586,0.000394,-0.063628,-0.003942,0.0,-0.003942,0.0,0.0,10.0,0.0
1776020672.715539,81.291,-122.460518,0.000429,-0.122511,-0.00429,0.0,-0.00429,0.0,0.0,10.0,0.0
1776020672.7355516,81.311,-122.459549,0.000818,-0.126259,-0.008181,0.0,-0.008181,0.0,0.0,10.0,0.0
1776020672.7559507,81.331,-122.460747,-0.00022,-0.057337,0.002202,0.0,0.002202,0.0,0.0,10.0,0.0
1776020672.775208,81.351,-122.459877,-0.001018,-0.064292,0.010177,0.0,0.010177,0.0,0.0,10.0,0.0
1776020672.7957988,81.371,-122.457359,-0.000438,0.09821,0.004383,0.0,0.004383,0.0,0.0,10.0,0.0
1776020672.8158267,81.391,-122.458344,-0.000267,0.026915,0.00267,0.0,0.00267,0.0,0.0,10.0,0.0
1776020672.836141,81.411,-122.455902,0.000202,-0.001601,-0.00202,0.0,-0.00202,0.0,0.0,10.0,0.0
1776020672.85533,81.431,-122.455368,-0.00036,-0.025742,0.003601,0.0,0.003601,0.0,0.0,10.0,0.0
1776020672.8758833,81.451,-122.453484,-0.000606,-0.058012,0.006057,0.0,0.006057,0.0,0.0,10.0,0.0
1776020672.895671,81.471,-122.454208,-0.000523,0.03614,0.005226,0.0,0.005226,0.0,0.0,10.0,0.0
1776020672.9159696,81.491,-122.453239,0.000187,0.102777,-0.001869,0.0,-0.001869,0.0,0.0,10.0,0.0
1776020672.9357324,81.511,-122.45359,-0.000278,0.130456,0.002776,0.0,0.002776,0.0,0.0,10.0,0.0
1776020672.9556866,81.531,-122.451736,-0.000564,0.151217,0.005635,0.0,0.005635,0.0,0.0,10.0,0.0
1776020672.975805,81.551,-122.45224,0.000605,-0.24977,-0.006049,0.0,-0.006049,0.0,0.0,10.0,0.0
1776020672.9966152,81.571,-122.451859,0.000303,-0.185809,-0.003031,0.0,-0.003031,0.0,0.0,10.0,0.0
1776020673.015753,81.591,-122.45089,0.001175,-0.342526,-0.01175,0.0,-0.01175,0.0,0.0,10.0,0.0
1776020673.0357292,81.611,-122.449837,0.000844,-0.218862,-0.008443,0.0,-0.008443,0.0,0.0,10.0,0.0
1776020673.0558429,81.631,-122.449402,0.000428,0.064655,-0.004278,0.0,-0.004278,0.0,0.0,10.0,0.0
1776020673.075811,81.651,-122.449013,0.000649,-0.00229,-0.006493,0.0,-0.006493,0.0,0.0,10.0,0.0
1776020673.095484,81.671,-122.446991,-0.000523,0.104269,0.005233,0.0,0.005233,0.0,0.0,10.0,0.0
1776020673.1173935,81.691,-122.446022,-0.000237,0.167002,0.00237,0.0,0.00237,0.0,0.0,10.0,0.0
1776020673.1359994,81.711,-122.444275,0.000738,-0.142246,-0.007378,0.0,-0.007378,0.0,0.0,10.0,0.0
1776020673.1571646,81.731,-122.443756,0.000438,-0.298742,-0.004378,0.0,-0.004378,0.0,0.0,10.0,0.0
1776020673.1755342,81.751,-122.442871,0.000343,-0.261753,-0.003425,0.0,-0.003425,0.0,0.0,10.0,0.0
1776020673.1953773,81.771,-122.443619,-0.000853,0.16219,0.008531,0.0,0.008531,0.0,0.0,10.0,0.0
1776020673.2156727,81.791,-122.4422,-2.7e-05,0.049832,0.000272,0.0,0.000272,0.0,0.0,10.0,0.0
1776020673.235275,81.811,-122.44519,-0.000733,-0.013517,0.007332,0.0,0.007332,0.0,0.0,10.0,0.0
1776020673.2556078,81.831,-122.444603,-0.000428,0.160233,0.004279,0.0,0.004279,0.0,0.0,10.0,0.0
1776020673.276894,81.851,-122.446228,0.000557,0.064612,-0.005569,0.0,-0.005569,0.0,0.0,10.0,0.0
1776020673.2959547,81.871,-122.445091,-0.000108,-0.01461,0.001078,0.0,0.001078,0.0,0.0,10.0,0.0
1776020673.3158412,81.891,-122.445137,0.000605,-0.28705,-0.006049,0.0,-0.006049,0.0,0.0,10.0,0.0
1776020673.336019,81.911,-122.44474,-0.000534,0.086029,0.005338,0.0,0.005338,0.0,0.0,10.0,0.0
1776020673.3552866,81.931,-122.445679,-4.8e-05,0.159201,0.000475,0.0,0.000475,0.0,0.0,10.0,0.0
1776020673.3758454,81.951,-122.444603,0.000715,-0.110727,-0.007146,0.0,-0.007146,0.0,0.0,10.0,0.0
1776020673.3957405,81.971,-122.443604,0.00102,-0.276229,-0.0102,0.0,-0.0102,0.0,0.0,10.0,0.0
1776020673.416984,81.991,-122.44281,0.000712,-0.185066,-0.007121,0.0,-0.007121,0.0,0.0,10.0,0.0
1776020673.43721,82.011,-122.441765,-0.000357,0.081071,0.003568,0.0,0.003568,0.0,0.0,10.0,0.0
1776020673.4553967,82.031,-122.442963,-0.000218,0.132428,0.002184,0.0,0.002184,0.0,0.0,10.0,0.0
1776020673.4756095,82.051,-122.443962,0.000181,-0.012221,-0.001807,0.0,-0.001807,0.0,0.0,10.0,0.0
1776020673.4960291,82.071,-122.445091,-0.000243,-0.074141,0.002431,0.0,0.002431,0.0,0.0,10.0,0.0
1776020673.5152485,82.091,-122.443726,-0.000583,0.0969,0.00583,0.0,0.00583,0.0,0.0,10.0,0.0
1776020673.5357046,82.111,-122.443008,-0.000437,0.210067,0.004369,0.0,0.004369,0.0,0.0,10.0,0.0
1776020673.5556884,82.131,-122.442268,-0.000935,0.193512,0.009346,0.0,0.009346,0.0,0.0,10.0,0.0
1776020673.5760574,82.151,-122.443703,-0.000692,0.116581,0.00692,0.0,0.00692,0.0,0.0,10.0,0.0
1776020673.5961552,82.171,-122.440887,-0.001015,0.225859,0.010145,0.0,0.010145,0.0,0.0,10.0,0.0
1776020673.6153247,82.191,-122.441444,-0.000621,0.18895,0.006211,0.0,0.006211,0.0,0.0,10.0,0.0
1776020673.6353734,82.211,-122.4394,0.000453,-0.138267,-0.004527,0.0,-0.004527,0.0,0.0,10.0,0.0
1776020673.6560266,82.231,-122.442078,6.7e-05,-0.189085,-0.00067,0.0,-0.00067,0.0,0.0,10.0,0.0
1776020673.6771338,82.251,-122.441719,0.000832,-0.189964,-0.008321,0.0,-0.008321,0.0,0.0,10.0,0.0
1776020673.6958292,82.271,-122.441254,0.000686,-0.092558,-0.00686,0.0,-0.00686,0.0,0.0,10.0,0.0
1776020673.7155395,82.291,-122.439659,0.000881,-0.225697,-0.008815,0.0,-0.008815,0.0,0.0,10.0,0.0
1776020673.7354543,82.311,-122.439041,-0.000657,0.128384,0.006567,0.0,0.006567,0.0,0.0,10.0,0.0
1776020673.7550986,82.331,-122.439041,0.000567,0.065718,-0.005668,0.0,-0.005668,0.0,0.0,10.0,0.0
1776020673.7756226,82.351,-122.439934,0.00032,-0.113345,-0.003205,0.0,-0.003205,0.0,0.0,10.0,0.0
1776020673.7957218,82.371,-122.438362,-0.000222,0.063886,0.00222,0.0,0.00222,0.0,0.0,10.0,0.0
1776020673.8152394,82.391,-122.438057,-0.000783,0.107985,0.007827,0.0,0.007827,0.0,0.0,10.0,0.0
1776020673.8358412,82.411,-122.437469,-0.00061,0.051699,0.006101,0.0,0.006101,0.0,0.0,10.0,0.0
1776020673.8557887,82.431,-122.435806,-0.000158,0.016749,0.001582,0.0,0.001582,0.0,0.0,10.0,0.0
1776020673.8757474,82.451,-122.436241,-0.000369,-0.04212,0.003685,0.0,0.003685,0.0,0.0,10.0,0.0
1776020673.8956988,82.471,-122.433372,-0.001174,0.1522,0.011742,0.0,0.011742,0.0,0.0,10.0,0.0
1776020673.91576,82.491,-122.435097,-0.000102,-0.034572,0.001024,0.0,0.001024,0.0,0.0,10.0,0.0
1776020673.935712,82.511,-122.434753,5.8e-05,-0.091018,-0.000577,0.0,-0.000577,0.0,0.0,10.0,0.0
1776020673.9556813,82.531,-122.436668,2.4e-05,-0.042721,-0.000238,0.0,-0.000238,0.0,0.0,10.0,0.0
1776020673.975797,82.551,-122.435318,-0.000816,0.191099,0.008162,0.0,0.008162,0.0,0.0,10.0,0.0
1776020673.9957433,82.571,-122.438187,-0.00124,0.288831,0.012402,0.0,0.012402,0.0,0.0,10.0,0.0
1776020674.015797,82.591,-122.436981,-0.000818,0.296111,0.008175,0.0,0.008175,0.0,0.0,10.0,0.0
1776020674.0356398,82.611,-122.436813,0.000532,0.020736,-0.00532,0.0,-0.00532,0.0,0.0,10.0,0.0
1776020674.0556965,82.631,-122.435135,-4.7e-05,0.040372,0.000465,0.0,0.000465,0.0,0.0,10.0,0.0
1776020674.0754378,82.651,-122.435913,0.000373,-0.254063,-0.003735,0.0,-0.003735,0.0,0.0,10.0,0.0
1776020674.096112,82.671,-122.435081,0.000867,-0.319662,-0.008667,0.0,-0.008667,0.0,0.0,10.0,0.0
1776020674.115509,82.691,-122.433716,0.000919,-0.339548,-0.00919,0.0,-0.00919,0.0,0.0,10.0,0.0
1776020674.136033,82.711,-122.432449,0.000326,-0.197031,-0.003262,0.0,-0.003262,0.0,0.0,10.0,0.0
1776020674.1559253,82.731,-122.432854,-0.000669,0.077471,0.006689,0.0,0.006689,0.0,0.0,10.0,0.0
1776020674.1762314,82.751,-122.433487,2.5e-05,-0.051617,-0.000252,0.0,-0.000252,0.0,0.0,10.0,0.0
1776020674.1958523,82.771,-122.433372,0.000237,-0.137344,-0.002374,0.0,-0.002374,0.0,0.0,10.0,0.0
1776020674.2165003,82.791,-122.433731,-9.8e-05,-0.025669,0.000985,0.0,0.000985,0.0,0.0,10.0,0.0
1776020674.2355597,82.811,-122.431778,-0.000921,0.081947,0.009211,0.0,0.009211,0.0,0.0,10.0,0.0
1776020674.257034,82.831,-122.431778,-0.000919,0.173637,0.009186,0.0,0.009186,0.0,0.0,10.0,0.0
1776020674.2763116,82.851,-122.429237,-0.000171,0.080181,0.001712,0.0,0.001712,0.0,0.0,10.0,0.0
1776020674.295298,82.871,-122.429398,5.1e-05,0.034302,-0.000506,0.0,-0.000506,0.0,0.0,10.0,0.0
1776020674.3154042,82.891,-122.427391,2.2e-05,-0.000345,-0.000219,0.0,-0.000219,0.0,0.0,10.0,0.0
1776020674.3360143,82.911,-122.427116,-0.00038,-0.035207,0.003798,0.0,0.003798,0.0,0.0,10.0,0.0
1776020674.3552256,82.931,-122.425354,0.000618,-0.195286,-0.006178,0.0,-0.006178,0.0,0.0,10.0,0.0
1776020674.3756998,82.951,-122.425659,-0.000161,-0.044087,0.00161,0.0,0.00161,0.0,0.0,10.0,0.0
1776020674.3956645,82.971,-122.425476,-0.001375,0.446342,0.013748,0.0,0.013748,0.0,0.0,10.0,0.0
1776020674.4161386,82.991,-122.425407,-0.000422,0.432164,0.004218,0.0,0.004218,0.0,0.0,10.0,0.0
1776020674.435744,83.011,-122.425598,0.000464,-0.06052,-0.004638,0.0,-0.004638,0.0,0.0,10.0,0.0
1776020674.4558446,83.031,-122.426544,0.000648,-0.061697,-0.006482,0.0,-0.006482,0.0,0.0,10.0,0.0
1776020674.475754,83.051,-122.426231,0.000683,-0.077007,-0.006826,0.0,-0.006826,0.0,0.0,10.0,0.0
1776020674.4975011,83.071,-122.424957,0.000119,-0.081656,-0.001186,0.0,-0.001186,0.0,0.0,10.0,0.0
1776020674.5154185,83.091,-122.423836,3.1e-05,-0.083569,-0.000305,0.0,-0.000305,0.0,0.0,10.0,0.0
1776020674.5357206,83.111,-122.421898,-0.000553,0.078555,0.005534,0.0,0.005534,0.0,0.0,10.0,0.0
1776020674.5558724,83.131,-122.421036,0.000221,-0.175377,-0.002214,0.0,-0.002214,0.0,0.0,10.0,0.0
1776020674.576164,83.151,-122.419212,-0.000919,0.001633,0.009186,0.0,0.009186,0.0,0.0,10.0,0.0
1776020674.5957122,83.171,-122.419716,-0.000788,0.138394,0.007876,0.0,0.007876,0.0,0.0,10.0,0.0
1776020674.6157384,83.191,-122.41745,-0.000838,0.214683,0.008376,0.0,0.008376,0.0,0.0,10.0,0.0
1776020674.635647,83.211,-122.417992,0.000143,0.0391,-0.001429,0.0,-0.001429,0.0,0.0,10.0,0.0
1776020674.6562304,83.231,-122.415817,0.00067,-0.153088,-0.006698,0.0,-0.006698,0.0,0.0,10.0,0.0
1776020674.675688,83.251,-122.415451,-6.2e-05,-0.110861,0.000625,0.0,0.000625,0.0,0.0,10.0,0.0
1776020674.6957057,83.271,-122.413742,-0.000467,0.137206,0.004666,0.0,0.004666,0.0,0.0,10.0,0.0
1776020674.715681,83.291,-122.414139,-0.000265,0.03358,0.002653,0.0,0.002653,0.0,0.0,10.0,0.0
1776020674.7372773,83.311,-122.411804,8.2e-05,-0.008759,-0.000822,0.0,-0.000822,0.0,0.0,10.0,0.0
1776020674.755831,83.331,-122.412048,-0.000443,0.036412,0.004427,0.0,0.004427,0.0,0.0,10.0,0.0
1776020674.7753913,83.351,-122.408348,0.000333,-0.04262,-0.003335,0.0,-0.003335,0.0,0.0,10.0,0.0
1776020674.7957158,83.371,-122.406708,0.000131,-0.063398,-0.001307,0.0,-0.001307,0.0,0.0,10.0,0.0
1776020674.8157628,83.391,-122.404076,0.000895,-0.31253,-0.008954,0.0,-0.008954,0.0,0.0,10.0,0.0
1776020674.835669,83.411,-122.403389,-0.000647,0.085396,0.00647,0.0,0.00647,0.0,0.0,10.0,0.0
1776020674.8557053,83.431,-122.402336,-0.001336,0.359591,0.013361,0.0,0.013361,0.0,0.0,10.0,0.0
1776020674.8769016,83.451,-122.401474,-0.000173,0.181311,0.001734,0.0,0.001734,0.0,0.0,10.0,0.0
1776020674.8941875,83.471,-122.400764,-0.001221,0.192643,0.012213,0.0,0.012213,0.0,0.0,10.0,0.0
1776020674.913873,83.491,-122.397926,-0.000486,0.162566,0.004865,0.0,0.004865,0.0,0.0,10.0,0.0
1776020674.9335067,83.511,-122.395996,0.000355,-0.075492,-0.003552,0.0,-0.003552,0.0,0.0,10.0,0.0
1776020674.9536614,83.531,-122.395439,-0.000395,-0.158093,0.003951,0.0,0.003951,0.0,0.0,10.0,0.0
1776020674.9740984,83.551,-122.39518,-9.9e-05,-0.185031,0.000987,0.0,0.000987,0.0,0.0,10.0,0.0
1776020674.9954185,83.571,-122.390427,0.000519,-0.076702,-0.005187,0.0,-0.005187,0.0,0.0,10.0,0.0
1776020675.0160186,83.591,-122.390518,0.000122,0.07313,-0.001215,0.0,-0.001215,0.0,0.0,10.0,0.0
1776020675.035499,83.611,-122.388237,0.000123,0.061238,-0.001229,0.0,-0.001229,0.0,0.0,10.0,0.0
1776020675.0570197,83.631,-122.388962,-0.000761,0.232072,0.007612,0.0,0.007612,0.0,0.0,10.0,0.0
1776020675.0749855,83.651,-122.386833,-0.000284,0.152705,0.002843,0.0,0.002843,0.0,0.0,10.0,0.0
1776020675.09347,83.671,-122.386246,-0.000315,0.070016,0.003145,0.0,0.003145,0.0,0.0,10.0,0.0
1776020675.1143637,83.691,-122.384987,0.000239,-0.126893,-0.002391,0.0,-0.002391,0.0,0.0,10.0,0.0
1776020675.1343534,83.711,-122.385864,-0.000281,-0.010748,0.002806,0.0,0.002806,0.0,0.0,10.0,0.0
1776020675.1564972,83.731,-122.385483,0.000256,-0.020313,-0.002559,0.0,-0.002559,0.0,0.0,10.0,0.0
1776020675.1759849,83.751,-122.386398,0.00109,-0.101787,-0.010899,0.0,-0.010899,0.0,0.0,10.0,0.0
1776020675.195967,83.771,-122.388176,-0.000148,0.084581,0.001484,0.0,0.001484,0.0,0.0,10.0,0.0
1776020675.2160718,83.791,-122.388405,-0.000609,0.052523,0.006085,0.0,0.006085,0.0,0.0,10.0,0.0
1776020675.2381003,83.811,-122.38884,0.000218,-0.166839,-0.00218,0.0,-0.00218,0.0,0.0,10.0,0.0
1776020675.2557485,83.831,-122.387024,-0.000335,0.052504,0.003352,0.0,0.003352,0.0,0.0,10.0,0.0
1776020675.2757516,83.851,-122.388161,-0.001312,0.302075,0.013121,0.0,0.013121,0.0,0.0,10.0,0.0
1776020675.2965674,83.871,-122.387337,-0.000777,0.221378,0.007766,0.0,0.007766,0.0,0.0,10.0,0.0
1776020675.315018,83.891,-122.388649,-0.001438,0.344095,0.014383,0.0,0.014383,0.0,0.0,10.0,0.0
1776020675.3344421,83.911,-122.387848,-0.000315,0.154954,0.00315,0.0,0.00315,0.0,0.0,10.0,0.0
1776020675.3558238,83.931,-122.388893,-0.000526,-0.057773,0.005261,0.0,0.005261,0.0,0.0,10.0,0.0
1776020675.3756092,83.951,-122.386818,-0.000187,-0.117223,0.001874,0.0,0.001874,0.0,0.0,10.0,0.0
1776020675.3957767,83.971,-122.386871,0.000163,-0.129856,-0.001634,0.0,-0.001634,0.0,0.0,10.0,0.0
1776020675.4157033,83.991,-122.385643,-0.001007,0.09923,0.010066,0.0,0.010066,0.0,0.0,10.0,0.0
1776020675.4358354,84.011,-122.386154,0.000101,-0.065545,-0.00101,0.0,-0.00101,0.0,0.0,10.0,0.0
1776020675.45691,84.031,-122.383858,0.000617,-0.190785,-0.006172,0.0,-0.006172,0.0,0.0,10.0,0.0
1776020675.475376,84.051,-122.385551,-0.000647,0.162364,0.006475,0.0,0.006475,0.0,0.0,10.0,0.0
1776020675.4961576,84.071,-122.385056,2e-06,-0.055036,-1.8e-05,0.0,-1.8e-05,0.0,0.0,10.0,0.0
1776020675.5161595,84.091,-122.385452,0.002353,-0.495061,-0.023525,0.0,-0.023525,0.0,0.0,10.0,0.0
1776020675.535677,84.111,-122.385498,0.001392,-0.266937,-0.01392,0.0,-0.01392,0.0,0.0,10.0,0.0
1776020675.5553536,84.131,-122.384727,0.001745,-0.268088,-0.01745,0.0,-0.01745,0.0,0.0,10.0,0.0
1776020675.5757573,84.151,-122.383873,0.003012,-0.483218,-0.030122,0.0,-0.030122,0.0,0.0,10.0,0.0
1776020675.595992,84.171,-122.383087,0.000541,-0.10437,-0.005411,0.0,-0.005411,0.0,0.0,10.0,0.0
1776020675.6160357,84.191,-122.381927,-0.001099,0.2926,0.010993,0.0,0.010993,0.0,0.0,10.0,0.0
1776020675.6353765,84.211,-122.382492,-0.001115,0.321464,0.011155,0.0,0.011155,0.0,0.0,10.0,0.0
1776020675.6557372,84.231,-122.383186,-0.00164,0.184557,0.016401,0.0,0.016401,0.0,0.0,10.0,0.0
1776020675.675665,84.251,-122.381248,-0.00268,0.395639,0.026804,0.0,0.026804,0.0,0.0,10.0,0.0
1776020675.697278,84.271,-122.381531,-0.002123,0.52322,0.021234,0.0,0.021234,0.0,0.0,10.0,0.0
1776020675.7167306,84.291,-122.378525,0.000801,0.236755,-0.008009,0.0,-0.008009,0.0,0.0,10.0,0.0
1776020675.7360618,84.311,-122.379158,0.000486,-0.044728,-0.004859,0.0,-0.004859,0.0,0.0,10.0,0.0
1776020675.7562442,84.331,-122.378571,0.001161,-0.283059,-0.011605,0.0,-0.011605,0.0,0.0,10.0,0.0
1776020675.7757668,84.351,-122.38073,-0.000107,-0.015906,0.001067,0.0,0.001067,0.0,0.0,10.0,0.0
1776020675.7959275,84.371,-122.379486,-0.001074,0.199229,0.010744,0.0,0.010744,0.0,0.0,10.0,0.0
1776020675.8154523,84.391,-122.380455,-0.000347,-0.071915,0.003474,0.0,0.003474,0.0,0.0,10.0,0.0
1776020675.8352778,84.411,-122.380127,-0.00093,-0.078407,0.009303,0.0,0.009303,0.0,0.0,10.0,0.0
1776020675.8550313,84.431,-122.380806,-0.000318,-0.019026,0.003182,0.0,0.003182,0.0,0.0,10.0,0.0
1776020675.8760269,84.451,-122.378593,6.2e-05,0.006179,-0.000616,0.0,-0.000616,0.0,0.0,10.0,0.0
1776020675.8956943,84.471,-122.378654,0.001004,-0.103981,-0.010037,0.0,-0.010037,0.0,0.0,10.0,0.0
1776020675.9156933,84.491,-122.378311,0.000424,-0.231407,-0.004237,0.0,-0.004237,0.0,0.0,10.0,0.0
1776020675.9358735,84.511,-122.376587,0.000793,-0.097871,-0.007933,0.0,-0.007933,0.0,0.0,10.0,0.0
1776020675.956391,84.531,-122.376114,0.000355,0.149647,-0.003553,0.0,-0.003553,0.0,0.0,10.0,0.0
1776020675.974397,84.551,-122.373978,0.000222,0.08694,-0.00222,0.0,-0.00222,0.0,0.0,10.0,0.0
